"","X","Justification_overall_timing","agreement_overall_timing","sexual_timing_justification","non_sexual_timing_justification","agreement_sexual_timing","agreement_non_sexual_timing"
"1",1,6.7244,1.3196,6.7126,6.7362,1.6486,0.9906
"1.1",1,6.7244,1.3196,6.7126,6.7362,1.6486,0.9906
"1.2",1,6.7244,1.3196,6.7126,6.7362,1.6486,0.9906
"1.3",1,6.7244,1.3196,6.7126,6.7362,1.6486,0.9906
"1.4",1,6.7244,1.3196,6.7126,6.7362,1.6486,0.9906
"1.5",1,6.7244,1.3196,6.7126,6.7362,1.6486,0.9906
"1.6",1,6.7244,1.3196,6.7126,6.7362,1.6486,0.9906
"1.7",1,6.7244,1.3196,6.7126,6.7362,1.6486,0.9906
"1.8",1,6.7244,1.3196,6.7126,6.7362,1.6486,0.9906
"1.9",1,6.7244,1.3196,6.7126,6.7362,1.6486,0.9906
"2",2,15.9614,1.0097,15.551,16.3718,0.9878,1.0316
"2.1",2,15.9614,1.0097,15.551,16.3718,0.9878,1.0316
"2.2",2,15.9614,1.0097,15.551,16.3718,0.9878,1.0316
"2.3",2,15.9614,1.0097,15.551,16.3718,0.9878,1.0316
"2.4",2,15.9614,1.0097,15.551,16.3718,0.9878,1.0316
"2.5",2,15.9614,1.0097,15.551,16.3718,0.9878,1.0316
"2.6",2,15.9614,1.0097,15.551,16.3718,0.9878,1.0316
"2.7",2,15.9614,1.0097,15.551,16.3718,0.9878,1.0316
"2.8",2,15.9614,1.0097,15.551,16.3718,0.9878,1.0316
"2.9",2,15.9614,1.0097,15.551,16.3718,0.9878,1.0316
"3",3,11.8483,1.1834,15.75,7.9466,1.3102,1.0566
"3.1",3,11.8483,1.1834,15.75,7.9466,1.3102,1.0566
"3.2",3,11.8483,1.1834,15.75,7.9466,1.3102,1.0566
"3.3",3,11.8483,1.1834,15.75,7.9466,1.3102,1.0566
"3.4",3,11.8483,1.1834,15.75,7.9466,1.3102,1.0566
"3.5",3,11.8483,1.1834,15.75,7.9466,1.3102,1.0566
"3.6",3,11.8483,1.1834,15.75,7.9466,1.3102,1.0566
"3.7",3,11.8483,1.1834,15.75,7.9466,1.3102,1.0566
"3.8",3,11.8483,1.1834,15.75,7.9466,1.3102,1.0566
"3.9",3,11.8483,1.1834,15.75,7.9466,1.3102,1.0566
"4",4,16.8652,2.1099,17.6712,16.0592,2.4152,1.8046
"4.1",4,16.8652,2.1099,17.6712,16.0592,2.4152,1.8046
"4.2",4,16.8652,2.1099,17.6712,16.0592,2.4152,1.8046
"4.3",4,16.8652,2.1099,17.6712,16.0592,2.4152,1.8046
"4.4",4,16.8652,2.1099,17.6712,16.0592,2.4152,1.8046
"4.5",4,16.8652,2.1099,17.6712,16.0592,2.4152,1.8046
"4.6",4,16.8652,2.1099,17.6712,16.0592,2.4152,1.8046
"4.7",4,16.8652,2.1099,17.6712,16.0592,2.4152,1.8046
"4.8",4,16.8652,2.1099,17.6712,16.0592,2.4152,1.8046
"4.9",4,16.8652,2.1099,17.6712,16.0592,2.4152,1.8046
"5",5,15.103,2.1892,13.7464,16.4596,2.0948,2.2836
"5.1",5,15.103,2.1892,13.7464,16.4596,2.0948,2.2836
"5.2",5,15.103,2.1892,13.7464,16.4596,2.0948,2.2836
"5.3",5,15.103,2.1892,13.7464,16.4596,2.0948,2.2836
"5.4",5,15.103,2.1892,13.7464,16.4596,2.0948,2.2836
"5.5",5,15.103,2.1892,13.7464,16.4596,2.0948,2.2836
"5.6",5,15.103,2.1892,13.7464,16.4596,2.0948,2.2836
"5.7",5,15.103,2.1892,13.7464,16.4596,2.0948,2.2836
"5.8",5,15.103,2.1892,13.7464,16.4596,2.0948,2.2836
"5.9",5,15.103,2.1892,13.7464,16.4596,2.0948,2.2836
"6",6,14.7777,2.0131,15.7862,13.7692,2.1232,1.903
"6.1",6,14.7777,2.0131,15.7862,13.7692,2.1232,1.903
"6.2",6,14.7777,2.0131,15.7862,13.7692,2.1232,1.903
"6.3",6,14.7777,2.0131,15.7862,13.7692,2.1232,1.903
"6.4",6,14.7777,2.0131,15.7862,13.7692,2.1232,1.903
"6.5",6,14.7777,2.0131,15.7862,13.7692,2.1232,1.903
"6.6",6,14.7777,2.0131,15.7862,13.7692,2.1232,1.903
"6.7",6,14.7777,2.0131,15.7862,13.7692,2.1232,1.903
"6.8",6,14.7777,2.0131,15.7862,13.7692,2.1232,1.903
"6.9",6,14.7777,2.0131,15.7862,13.7692,2.1232,1.903
"7",7,14.6979,1.4736,15.8744,13.5214,1.6048,1.3424
"7.1",7,14.6979,1.4736,15.8744,13.5214,1.6048,1.3424
"7.2",7,14.6979,1.4736,15.8744,13.5214,1.6048,1.3424
"7.3",7,14.6979,1.4736,15.8744,13.5214,1.6048,1.3424
"7.4",7,14.6979,1.4736,15.8744,13.5214,1.6048,1.3424
"7.5",7,14.6979,1.4736,15.8744,13.5214,1.6048,1.3424
"7.6",7,14.6979,1.4736,15.8744,13.5214,1.6048,1.3424
"7.7",7,14.6979,1.4736,15.8744,13.5214,1.6048,1.3424
"7.8",7,14.6979,1.4736,15.8744,13.5214,1.6048,1.3424
"7.9",7,14.6979,1.4736,15.8744,13.5214,1.6048,1.3424
"8",8,1.2799,0.9195,1.9682,0.5916,1.171,0.668
"8.1",8,1.2799,0.9195,1.9682,0.5916,1.171,0.668
"8.2",8,1.2799,0.9195,1.9682,0.5916,1.171,0.668
"8.3",8,1.2799,0.9195,1.9682,0.5916,1.171,0.668
"8.4",8,1.2799,0.9195,1.9682,0.5916,1.171,0.668
"8.5",8,1.2799,0.9195,1.9682,0.5916,1.171,0.668
"8.6",8,1.2799,0.9195,1.9682,0.5916,1.171,0.668
"8.7",8,1.2799,0.9195,1.9682,0.5916,1.171,0.668
"8.8",8,1.2799,0.9195,1.9682,0.5916,1.171,0.668
"8.9",8,1.2799,0.9195,1.9682,0.5916,1.171,0.668
"9",9,11.994,1.3317,8.8084,15.1796,1.5804,1.083
"9.1",9,11.994,1.3317,8.8084,15.1796,1.5804,1.083
"9.2",9,11.994,1.3317,8.8084,15.1796,1.5804,1.083
"9.3",9,11.994,1.3317,8.8084,15.1796,1.5804,1.083
"9.4",9,11.994,1.3317,8.8084,15.1796,1.5804,1.083
"9.5",9,11.994,1.3317,8.8084,15.1796,1.5804,1.083
"9.6",9,11.994,1.3317,8.8084,15.1796,1.5804,1.083
"9.7",9,11.994,1.3317,8.8084,15.1796,1.5804,1.083
"9.8",9,11.994,1.3317,8.8084,15.1796,1.5804,1.083
"9.9",9,11.994,1.3317,8.8084,15.1796,1.5804,1.083
"10",10,14.4509,2.1236,14.9538,13.948,2.5298,1.7174
"10.1",10,14.4509,2.1236,14.9538,13.948,2.5298,1.7174
"10.2",10,14.4509,2.1236,14.9538,13.948,2.5298,1.7174
"10.3",10,14.4509,2.1236,14.9538,13.948,2.5298,1.7174
"10.4",10,14.4509,2.1236,14.9538,13.948,2.5298,1.7174
"10.5",10,14.4509,2.1236,14.9538,13.948,2.5298,1.7174
"10.6",10,14.4509,2.1236,14.9538,13.948,2.5298,1.7174
"10.7",10,14.4509,2.1236,14.9538,13.948,2.5298,1.7174
"10.8",10,14.4509,2.1236,14.9538,13.948,2.5298,1.7174
"10.9",10,14.4509,2.1236,14.9538,13.948,2.5298,1.7174
"11",11,17.5783,2.168,19.3404,15.8162,2.2528,2.0832
"11.1",11,17.5783,2.168,19.3404,15.8162,2.2528,2.0832
"11.2",11,17.5783,2.168,19.3404,15.8162,2.2528,2.0832
"11.3",11,17.5783,2.168,19.3404,15.8162,2.2528,2.0832
"11.4",11,17.5783,2.168,19.3404,15.8162,2.2528,2.0832
"11.5",11,17.5783,2.168,19.3404,15.8162,2.2528,2.0832
"11.6",11,17.5783,2.168,19.3404,15.8162,2.2528,2.0832
"11.7",11,17.5783,2.168,19.3404,15.8162,2.2528,2.0832
"11.8",11,17.5783,2.168,19.3404,15.8162,2.2528,2.0832
"11.9",11,17.5783,2.168,19.3404,15.8162,2.2528,2.0832
"12",12,12.4984,1.2741,15.9962,9.0006,1.4502,1.098
"12.1",12,12.4984,1.2741,15.9962,9.0006,1.4502,1.098
"12.2",12,12.4984,1.2741,15.9962,9.0006,1.4502,1.098
"12.3",12,12.4984,1.2741,15.9962,9.0006,1.4502,1.098
"12.4",12,12.4984,1.2741,15.9962,9.0006,1.4502,1.098
"12.5",12,12.4984,1.2741,15.9962,9.0006,1.4502,1.098
"12.6",12,12.4984,1.2741,15.9962,9.0006,1.4502,1.098
"12.7",12,12.4984,1.2741,15.9962,9.0006,1.4502,1.098
"12.8",12,12.4984,1.2741,15.9962,9.0006,1.4502,1.098
"12.9",12,12.4984,1.2741,15.9962,9.0006,1.4502,1.098
"13",13,17.0431,3.7688,12.1014,21.9848,1.5424,5.9952
"13.1",13,17.0431,3.7688,12.1014,21.9848,1.5424,5.9952
"13.2",13,17.0431,3.7688,12.1014,21.9848,1.5424,5.9952
"13.3",13,17.0431,3.7688,12.1014,21.9848,1.5424,5.9952
"13.4",13,17.0431,3.7688,12.1014,21.9848,1.5424,5.9952
"13.5",13,17.0431,3.7688,12.1014,21.9848,1.5424,5.9952
"13.6",13,17.0431,3.7688,12.1014,21.9848,1.5424,5.9952
"13.7",13,17.0431,3.7688,12.1014,21.9848,1.5424,5.9952
"13.8",13,17.0431,3.7688,12.1014,21.9848,1.5424,5.9952
"13.9",13,17.0431,3.7688,12.1014,21.9848,1.5424,5.9952
"14",14,11.3495,1.2238,13.2724,9.4266,1.9024,0.5452
"14.1",14,11.3495,1.2238,13.2724,9.4266,1.9024,0.5452
"14.2",14,11.3495,1.2238,13.2724,9.4266,1.9024,0.5452
"14.3",14,11.3495,1.2238,13.2724,9.4266,1.9024,0.5452
"14.4",14,11.3495,1.2238,13.2724,9.4266,1.9024,0.5452
"14.5",14,11.3495,1.2238,13.2724,9.4266,1.9024,0.5452
"14.6",14,11.3495,1.2238,13.2724,9.4266,1.9024,0.5452
"14.7",14,11.3495,1.2238,13.2724,9.4266,1.9024,0.5452
"14.8",14,11.3495,1.2238,13.2724,9.4266,1.9024,0.5452
"14.9",14,11.3495,1.2238,13.2724,9.4266,1.9024,0.5452
"15",15,19.5674,1.8428,20.5256,18.6092,1.6248,2.0608
"15.1",15,19.5674,1.8428,20.5256,18.6092,1.6248,2.0608
"15.2",15,19.5674,1.8428,20.5256,18.6092,1.6248,2.0608
"15.3",15,19.5674,1.8428,20.5256,18.6092,1.6248,2.0608
"15.4",15,19.5674,1.8428,20.5256,18.6092,1.6248,2.0608
"15.5",15,19.5674,1.8428,20.5256,18.6092,1.6248,2.0608
"15.6",15,19.5674,1.8428,20.5256,18.6092,1.6248,2.0608
"15.7",15,19.5674,1.8428,20.5256,18.6092,1.6248,2.0608
"15.8",15,19.5674,1.8428,20.5256,18.6092,1.6248,2.0608
"15.9",15,19.5674,1.8428,20.5256,18.6092,1.6248,2.0608
"16",16,19.5687,1.8433,20.8652,18.2722,2.081,1.6056
"16.1",16,19.5687,1.8433,20.8652,18.2722,2.081,1.6056
"16.2",16,19.5687,1.8433,20.8652,18.2722,2.081,1.6056
"16.3",16,19.5687,1.8433,20.8652,18.2722,2.081,1.6056
"16.4",16,19.5687,1.8433,20.8652,18.2722,2.081,1.6056
"16.5",16,19.5687,1.8433,20.8652,18.2722,2.081,1.6056
"16.6",16,19.5687,1.8433,20.8652,18.2722,2.081,1.6056
"16.7",16,19.5687,1.8433,20.8652,18.2722,2.081,1.6056
"16.8",16,19.5687,1.8433,20.8652,18.2722,2.081,1.6056
"16.9",16,19.5687,1.8433,20.8652,18.2722,2.081,1.6056
"17",17,19.2934,2.95,17.5764,21.0104,3.2948,2.6052
"17.1",17,19.2934,2.95,17.5764,21.0104,3.2948,2.6052
"17.2",17,19.2934,2.95,17.5764,21.0104,3.2948,2.6052
"17.3",17,19.2934,2.95,17.5764,21.0104,3.2948,2.6052
"17.4",17,19.2934,2.95,17.5764,21.0104,3.2948,2.6052
"17.5",17,19.2934,2.95,17.5764,21.0104,3.2948,2.6052
"17.6",17,19.2934,2.95,17.5764,21.0104,3.2948,2.6052
"17.7",17,19.2934,2.95,17.5764,21.0104,3.2948,2.6052
"17.8",17,19.2934,2.95,17.5764,21.0104,3.2948,2.6052
"17.9",17,19.2934,2.95,17.5764,21.0104,3.2948,2.6052
"18",18,18.4694,1.9488,18.7532,18.1856,1.5306,2.367
"18.1",18,18.4694,1.9488,18.7532,18.1856,1.5306,2.367
"18.2",18,18.4694,1.9488,18.7532,18.1856,1.5306,2.367
"18.3",18,18.4694,1.9488,18.7532,18.1856,1.5306,2.367
"18.4",18,18.4694,1.9488,18.7532,18.1856,1.5306,2.367
"18.5",18,18.4694,1.9488,18.7532,18.1856,1.5306,2.367
"18.6",18,18.4694,1.9488,18.7532,18.1856,1.5306,2.367
"18.7",18,18.4694,1.9488,18.7532,18.1856,1.5306,2.367
"18.8",18,18.4694,1.9488,18.7532,18.1856,1.5306,2.367
"18.9",18,18.4694,1.9488,18.7532,18.1856,1.5306,2.367
"19",19,18.7081,1.545,21.9036,15.5126,1.5982,1.4918
"19.1",19,18.7081,1.545,21.9036,15.5126,1.5982,1.4918
"19.2",19,18.7081,1.545,21.9036,15.5126,1.5982,1.4918
"19.3",19,18.7081,1.545,21.9036,15.5126,1.5982,1.4918
"19.4",19,18.7081,1.545,21.9036,15.5126,1.5982,1.4918
"19.5",19,18.7081,1.545,21.9036,15.5126,1.5982,1.4918
"19.6",19,18.7081,1.545,21.9036,15.5126,1.5982,1.4918
"19.7",19,18.7081,1.545,21.9036,15.5126,1.5982,1.4918
"19.8",19,18.7081,1.545,21.9036,15.5126,1.5982,1.4918
"19.9",19,18.7081,1.545,21.9036,15.5126,1.5982,1.4918
"20",20,7.3443,2.4193,7.3232,7.3654,2.313,2.5256
"20.1",20,7.3443,2.4193,7.3232,7.3654,2.313,2.5256
"20.2",20,7.3443,2.4193,7.3232,7.3654,2.313,2.5256
"20.3",20,7.3443,2.4193,7.3232,7.3654,2.313,2.5256
"20.4",20,7.3443,2.4193,7.3232,7.3654,2.313,2.5256
"20.5",20,7.3443,2.4193,7.3232,7.3654,2.313,2.5256
"20.6",20,7.3443,2.4193,7.3232,7.3654,2.313,2.5256
"20.7",20,7.3443,2.4193,7.3232,7.3654,2.313,2.5256
"20.8",20,7.3443,2.4193,7.3232,7.3654,2.313,2.5256
"20.9",20,7.3443,2.4193,7.3232,7.3654,2.313,2.5256
"21",21,14.8684,2.0033,15.589,14.1478,2.2726,1.734
"21.1",21,14.8684,2.0033,15.589,14.1478,2.2726,1.734
"21.2",21,14.8684,2.0033,15.589,14.1478,2.2726,1.734
"21.3",21,14.8684,2.0033,15.589,14.1478,2.2726,1.734
"21.4",21,14.8684,2.0033,15.589,14.1478,2.2726,1.734
"21.5",21,14.8684,2.0033,15.589,14.1478,2.2726,1.734
"21.6",21,14.8684,2.0033,15.589,14.1478,2.2726,1.734
"21.7",21,14.8684,2.0033,15.589,14.1478,2.2726,1.734
"21.8",21,14.8684,2.0033,15.589,14.1478,2.2726,1.734
"21.9",21,14.8684,2.0033,15.589,14.1478,2.2726,1.734
"22",22,21.1786,2.6389,27.1992,15.158,3.2652,2.0126
"22.1",22,21.1786,2.6389,27.1992,15.158,3.2652,2.0126
"22.2",22,21.1786,2.6389,27.1992,15.158,3.2652,2.0126
"22.3",22,21.1786,2.6389,27.1992,15.158,3.2652,2.0126
"22.4",22,21.1786,2.6389,27.1992,15.158,3.2652,2.0126
"22.5",22,21.1786,2.6389,27.1992,15.158,3.2652,2.0126
"22.6",22,21.1786,2.6389,27.1992,15.158,3.2652,2.0126
"22.7",22,21.1786,2.6389,27.1992,15.158,3.2652,2.0126
"22.8",22,21.1786,2.6389,27.1992,15.158,3.2652,2.0126
"22.9",22,21.1786,2.6389,27.1992,15.158,3.2652,2.0126
"23",23,23.5476,1.6146,26.1852,20.91,1.7634,1.4658
"23.1",23,23.5476,1.6146,26.1852,20.91,1.7634,1.4658
"23.2",23,23.5476,1.6146,26.1852,20.91,1.7634,1.4658
"23.3",23,23.5476,1.6146,26.1852,20.91,1.7634,1.4658
"23.4",23,23.5476,1.6146,26.1852,20.91,1.7634,1.4658
"23.5",23,23.5476,1.6146,26.1852,20.91,1.7634,1.4658
"23.6",23,23.5476,1.6146,26.1852,20.91,1.7634,1.4658
"23.7",23,23.5476,1.6146,26.1852,20.91,1.7634,1.4658
"23.8",23,23.5476,1.6146,26.1852,20.91,1.7634,1.4658
"23.9",23,23.5476,1.6146,26.1852,20.91,1.7634,1.4658
"24",24,20.3118,2.7988,20.666,19.9576,3.31,2.2876
"24.1",24,20.3118,2.7988,20.666,19.9576,3.31,2.2876
"24.2",24,20.3118,2.7988,20.666,19.9576,3.31,2.2876
"24.3",24,20.3118,2.7988,20.666,19.9576,3.31,2.2876
"24.4",24,20.3118,2.7988,20.666,19.9576,3.31,2.2876
"24.5",24,20.3118,2.7988,20.666,19.9576,3.31,2.2876
"24.6",24,20.3118,2.7988,20.666,19.9576,3.31,2.2876
"24.7",24,20.3118,2.7988,20.666,19.9576,3.31,2.2876
"24.8",24,20.3118,2.7988,20.666,19.9576,3.31,2.2876
"24.9",24,20.3118,2.7988,20.666,19.9576,3.31,2.2876
"25",25,24.6384,1.6542,26.5664,22.7104,1.785,1.5234
"25.1",25,24.6384,1.6542,26.5664,22.7104,1.785,1.5234
"25.2",25,24.6384,1.6542,26.5664,22.7104,1.785,1.5234
"25.3",25,24.6384,1.6542,26.5664,22.7104,1.785,1.5234
"25.4",25,24.6384,1.6542,26.5664,22.7104,1.785,1.5234
"25.5",25,24.6384,1.6542,26.5664,22.7104,1.785,1.5234
"25.6",25,24.6384,1.6542,26.5664,22.7104,1.785,1.5234
"25.7",25,24.6384,1.6542,26.5664,22.7104,1.785,1.5234
"25.8",25,24.6384,1.6542,26.5664,22.7104,1.785,1.5234
"25.9",25,24.6384,1.6542,26.5664,22.7104,1.785,1.5234
"26",26,22.24,1.75,23.1954,21.2846,1.9272,1.5728
"26.1",26,22.24,1.75,23.1954,21.2846,1.9272,1.5728
"26.2",26,22.24,1.75,23.1954,21.2846,1.9272,1.5728
"26.3",26,22.24,1.75,23.1954,21.2846,1.9272,1.5728
"26.4",26,22.24,1.75,23.1954,21.2846,1.9272,1.5728
"26.5",26,22.24,1.75,23.1954,21.2846,1.9272,1.5728
"26.6",26,22.24,1.75,23.1954,21.2846,1.9272,1.5728
"26.7",26,22.24,1.75,23.1954,21.2846,1.9272,1.5728
"26.8",26,22.24,1.75,23.1954,21.2846,1.9272,1.5728
"26.9",26,22.24,1.75,23.1954,21.2846,1.9272,1.5728
"27",27,24.8405,2.2131,31.7176,17.9634,2.389,2.0372
"27.1",27,24.8405,2.2131,31.7176,17.9634,2.389,2.0372
"27.2",27,24.8405,2.2131,31.7176,17.9634,2.389,2.0372
"27.3",27,24.8405,2.2131,31.7176,17.9634,2.389,2.0372
"27.4",27,24.8405,2.2131,31.7176,17.9634,2.389,2.0372
"27.5",27,24.8405,2.2131,31.7176,17.9634,2.389,2.0372
"27.6",27,24.8405,2.2131,31.7176,17.9634,2.389,2.0372
"27.7",27,24.8405,2.2131,31.7176,17.9634,2.389,2.0372
"27.8",27,24.8405,2.2131,31.7176,17.9634,2.389,2.0372
"27.9",27,24.8405,2.2131,31.7176,17.9634,2.389,2.0372
"28",28,12.2395,1.4874,11.1704,13.3086,2.065,0.9098
"28.1",28,12.2395,1.4874,11.1704,13.3086,2.065,0.9098
"28.2",28,12.2395,1.4874,11.1704,13.3086,2.065,0.9098
"28.3",28,12.2395,1.4874,11.1704,13.3086,2.065,0.9098
"28.4",28,12.2395,1.4874,11.1704,13.3086,2.065,0.9098
"28.5",28,12.2395,1.4874,11.1704,13.3086,2.065,0.9098
"28.6",28,12.2395,1.4874,11.1704,13.3086,2.065,0.9098
"28.7",28,12.2395,1.4874,11.1704,13.3086,2.065,0.9098
"28.8",28,12.2395,1.4874,11.1704,13.3086,2.065,0.9098
"28.9",28,12.2395,1.4874,11.1704,13.3086,2.065,0.9098
"29",29,25.5765,1.5375,20.575,30.578,1.9974,1.0776
"29.1",29,25.5765,1.5375,20.575,30.578,1.9974,1.0776
"29.2",29,25.5765,1.5375,20.575,30.578,1.9974,1.0776
"29.3",29,25.5765,1.5375,20.575,30.578,1.9974,1.0776
"29.4",29,25.5765,1.5375,20.575,30.578,1.9974,1.0776
"29.5",29,25.5765,1.5375,20.575,30.578,1.9974,1.0776
"29.6",29,25.5765,1.5375,20.575,30.578,1.9974,1.0776
"29.7",29,25.5765,1.5375,20.575,30.578,1.9974,1.0776
"29.8",29,25.5765,1.5375,20.575,30.578,1.9974,1.0776
"29.9",29,25.5765,1.5375,20.575,30.578,1.9974,1.0776
"30",30,31.4814,2.5984,32.3784,30.5844,3.2394,1.9574
"30.1",30,31.4814,2.5984,32.3784,30.5844,3.2394,1.9574
"30.2",30,31.4814,2.5984,32.3784,30.5844,3.2394,1.9574
"30.3",30,31.4814,2.5984,32.3784,30.5844,3.2394,1.9574
"30.4",30,31.4814,2.5984,32.3784,30.5844,3.2394,1.9574
"30.5",30,31.4814,2.5984,32.3784,30.5844,3.2394,1.9574
"30.6",30,31.4814,2.5984,32.3784,30.5844,3.2394,1.9574
"30.7",30,31.4814,2.5984,32.3784,30.5844,3.2394,1.9574
"30.8",30,31.4814,2.5984,32.3784,30.5844,3.2394,1.9574
"30.9",30,31.4814,2.5984,32.3784,30.5844,3.2394,1.9574
"31",31,12.2346,0.8173,21.9174,2.5518,0.8948,0.7398
"31.1",31,12.2346,0.8173,21.9174,2.5518,0.8948,0.7398
"31.2",31,12.2346,0.8173,21.9174,2.5518,0.8948,0.7398
"31.3",31,12.2346,0.8173,21.9174,2.5518,0.8948,0.7398
"31.4",31,12.2346,0.8173,21.9174,2.5518,0.8948,0.7398
"31.5",31,12.2346,0.8173,21.9174,2.5518,0.8948,0.7398
"31.6",31,12.2346,0.8173,21.9174,2.5518,0.8948,0.7398
"31.7",31,12.2346,0.8173,21.9174,2.5518,0.8948,0.7398
"31.8",31,12.2346,0.8173,21.9174,2.5518,0.8948,0.7398
"31.9",31,12.2346,0.8173,21.9174,2.5518,0.8948,0.7398
"32",32,28.7399,1.2656,18.7078,38.772,1.5728,0.9584
"32.1",32,28.7399,1.2656,18.7078,38.772,1.5728,0.9584
"32.2",32,28.7399,1.2656,18.7078,38.772,1.5728,0.9584
"32.3",32,28.7399,1.2656,18.7078,38.772,1.5728,0.9584
"32.4",32,28.7399,1.2656,18.7078,38.772,1.5728,0.9584
"32.5",32,28.7399,1.2656,18.7078,38.772,1.5728,0.9584
"32.6",32,28.7399,1.2656,18.7078,38.772,1.5728,0.9584
"32.7",32,28.7399,1.2656,18.7078,38.772,1.5728,0.9584
"32.8",32,28.7399,1.2656,18.7078,38.772,1.5728,0.9584
"32.9",32,28.7399,1.2656,18.7078,38.772,1.5728,0.9584
"33",33,24.3713,1.8185,19.4824,29.2602,1.7982,1.8388
"33.1",33,24.3713,1.8185,19.4824,29.2602,1.7982,1.8388
"33.2",33,24.3713,1.8185,19.4824,29.2602,1.7982,1.8388
"33.3",33,24.3713,1.8185,19.4824,29.2602,1.7982,1.8388
"33.4",33,24.3713,1.8185,19.4824,29.2602,1.7982,1.8388
"33.5",33,24.3713,1.8185,19.4824,29.2602,1.7982,1.8388
"33.6",33,24.3713,1.8185,19.4824,29.2602,1.7982,1.8388
"33.7",33,24.3713,1.8185,19.4824,29.2602,1.7982,1.8388
"33.8",33,24.3713,1.8185,19.4824,29.2602,1.7982,1.8388
"33.9",33,24.3713,1.8185,19.4824,29.2602,1.7982,1.8388
"34",34,20.7523,1.8856,23.3692,18.1354,2.5334,1.2378
"34.1",34,20.7523,1.8856,23.3692,18.1354,2.5334,1.2378
"34.2",34,20.7523,1.8856,23.3692,18.1354,2.5334,1.2378
"34.3",34,20.7523,1.8856,23.3692,18.1354,2.5334,1.2378
"34.4",34,20.7523,1.8856,23.3692,18.1354,2.5334,1.2378
"34.5",34,20.7523,1.8856,23.3692,18.1354,2.5334,1.2378
"34.6",34,20.7523,1.8856,23.3692,18.1354,2.5334,1.2378
"34.7",34,20.7523,1.8856,23.3692,18.1354,2.5334,1.2378
"34.8",34,20.7523,1.8856,23.3692,18.1354,2.5334,1.2378
"34.9",34,20.7523,1.8856,23.3692,18.1354,2.5334,1.2378
"35",35,31.1764,1.9985,31.7022,30.6506,2.3602,1.6368
"35.1",35,31.1764,1.9985,31.7022,30.6506,2.3602,1.6368
"35.2",35,31.1764,1.9985,31.7022,30.6506,2.3602,1.6368
"35.3",35,31.1764,1.9985,31.7022,30.6506,2.3602,1.6368
"35.4",35,31.1764,1.9985,31.7022,30.6506,2.3602,1.6368
"35.5",35,31.1764,1.9985,31.7022,30.6506,2.3602,1.6368
"35.6",35,31.1764,1.9985,31.7022,30.6506,2.3602,1.6368
"35.7",35,31.1764,1.9985,31.7022,30.6506,2.3602,1.6368
"35.8",35,31.1764,1.9985,31.7022,30.6506,2.3602,1.6368
"35.9",35,31.1764,1.9985,31.7022,30.6506,2.3602,1.6368
"36",36,16.8161,1.6308,9.3608,24.2714,2.0828,1.1788
"36.1",36,16.8161,1.6308,9.3608,24.2714,2.0828,1.1788
"36.2",36,16.8161,1.6308,9.3608,24.2714,2.0828,1.1788
"36.3",36,16.8161,1.6308,9.3608,24.2714,2.0828,1.1788
"36.4",36,16.8161,1.6308,9.3608,24.2714,2.0828,1.1788
"36.5",36,16.8161,1.6308,9.3608,24.2714,2.0828,1.1788
"36.6",36,16.8161,1.6308,9.3608,24.2714,2.0828,1.1788
"36.7",36,16.8161,1.6308,9.3608,24.2714,2.0828,1.1788
"36.8",36,16.8161,1.6308,9.3608,24.2714,2.0828,1.1788
"36.9",36,16.8161,1.6308,9.3608,24.2714,2.0828,1.1788
"37",37,39.9003,2.2967,18.3004,61.5002,2.5962,1.9972
"37.1",37,39.9003,2.2967,18.3004,61.5002,2.5962,1.9972
"37.2",37,39.9003,2.2967,18.3004,61.5002,2.5962,1.9972
"37.3",37,39.9003,2.2967,18.3004,61.5002,2.5962,1.9972
"37.4",37,39.9003,2.2967,18.3004,61.5002,2.5962,1.9972
"37.5",37,39.9003,2.2967,18.3004,61.5002,2.5962,1.9972
"37.6",37,39.9003,2.2967,18.3004,61.5002,2.5962,1.9972
"37.7",37,39.9003,2.2967,18.3004,61.5002,2.5962,1.9972
"37.8",37,39.9003,2.2967,18.3004,61.5002,2.5962,1.9972
"37.9",37,39.9003,2.2967,18.3004,61.5002,2.5962,1.9972
"38",38,21.032,1.1217,21.6752,20.3888,1.156,1.0874
"38.1",38,21.032,1.1217,21.6752,20.3888,1.156,1.0874
"38.2",38,21.032,1.1217,21.6752,20.3888,1.156,1.0874
"38.3",38,21.032,1.1217,21.6752,20.3888,1.156,1.0874
"38.4",38,21.032,1.1217,21.6752,20.3888,1.156,1.0874
"38.5",38,21.032,1.1217,21.6752,20.3888,1.156,1.0874
"38.6",38,21.032,1.1217,21.6752,20.3888,1.156,1.0874
"38.7",38,21.032,1.1217,21.6752,20.3888,1.156,1.0874
"38.8",38,21.032,1.1217,21.6752,20.3888,1.156,1.0874
"38.9",38,21.032,1.1217,21.6752,20.3888,1.156,1.0874
"39",39,31.2731,1.6801,27.7274,34.8188,2.1486,1.2116
"39.1",39,31.2731,1.6801,27.7274,34.8188,2.1486,1.2116
"39.2",39,31.2731,1.6801,27.7274,34.8188,2.1486,1.2116
"39.3",39,31.2731,1.6801,27.7274,34.8188,2.1486,1.2116
"39.4",39,31.2731,1.6801,27.7274,34.8188,2.1486,1.2116
"39.5",39,31.2731,1.6801,27.7274,34.8188,2.1486,1.2116
"39.6",39,31.2731,1.6801,27.7274,34.8188,2.1486,1.2116
"39.7",39,31.2731,1.6801,27.7274,34.8188,2.1486,1.2116
"39.8",39,31.2731,1.6801,27.7274,34.8188,2.1486,1.2116
"39.9",39,31.2731,1.6801,27.7274,34.8188,2.1486,1.2116
"40",40,30.331,2.4311,26.7366,33.9254,2.7116,2.1506
"40.1",40,30.331,2.4311,26.7366,33.9254,2.7116,2.1506
"40.2",40,30.331,2.4311,26.7366,33.9254,2.7116,2.1506
"40.3",40,30.331,2.4311,26.7366,33.9254,2.7116,2.1506
"40.4",40,30.331,2.4311,26.7366,33.9254,2.7116,2.1506
"40.5",40,30.331,2.4311,26.7366,33.9254,2.7116,2.1506
"40.6",40,30.331,2.4311,26.7366,33.9254,2.7116,2.1506
"40.7",40,30.331,2.4311,26.7366,33.9254,2.7116,2.1506
"40.8",40,30.331,2.4311,26.7366,33.9254,2.7116,2.1506
"40.9",40,30.331,2.4311,26.7366,33.9254,2.7116,2.1506
"41",41,17.7835,1.9016,12.4556,23.1114,1.7494,2.0538
"41.1",41,17.7835,1.9016,12.4556,23.1114,1.7494,2.0538
"41.2",41,17.7835,1.9016,12.4556,23.1114,1.7494,2.0538
"41.3",41,17.7835,1.9016,12.4556,23.1114,1.7494,2.0538
"41.4",41,17.7835,1.9016,12.4556,23.1114,1.7494,2.0538
"41.5",41,17.7835,1.9016,12.4556,23.1114,1.7494,2.0538
"41.6",41,17.7835,1.9016,12.4556,23.1114,1.7494,2.0538
"41.7",41,17.7835,1.9016,12.4556,23.1114,1.7494,2.0538
"41.8",41,17.7835,1.9016,12.4556,23.1114,1.7494,2.0538
"41.9",41,17.7835,1.9016,12.4556,23.1114,1.7494,2.0538
"42",42,23.6713,1.7251,24.834,22.5086,2.0274,1.4228
"42.1",42,23.6713,1.7251,24.834,22.5086,2.0274,1.4228
"42.2",42,23.6713,1.7251,24.834,22.5086,2.0274,1.4228
"42.3",42,23.6713,1.7251,24.834,22.5086,2.0274,1.4228
"42.4",42,23.6713,1.7251,24.834,22.5086,2.0274,1.4228
"42.5",42,23.6713,1.7251,24.834,22.5086,2.0274,1.4228
"42.6",42,23.6713,1.7251,24.834,22.5086,2.0274,1.4228
"42.7",42,23.6713,1.7251,24.834,22.5086,2.0274,1.4228
"42.8",42,23.6713,1.7251,24.834,22.5086,2.0274,1.4228
"42.9",42,23.6713,1.7251,24.834,22.5086,2.0274,1.4228
"43",43,32.7795,1.7321,35.969,29.59,2.48,0.9842
"43.1",43,32.7795,1.7321,35.969,29.59,2.48,0.9842
"43.2",43,32.7795,1.7321,35.969,29.59,2.48,0.9842
"43.3",43,32.7795,1.7321,35.969,29.59,2.48,0.9842
"43.4",43,32.7795,1.7321,35.969,29.59,2.48,0.9842
"43.5",43,32.7795,1.7321,35.969,29.59,2.48,0.9842
"43.6",43,32.7795,1.7321,35.969,29.59,2.48,0.9842
"43.7",43,32.7795,1.7321,35.969,29.59,2.48,0.9842
"43.8",43,32.7795,1.7321,35.969,29.59,2.48,0.9842
"43.9",43,32.7795,1.7321,35.969,29.59,2.48,0.9842
"44",44,11.9864,1.3777,13.8066,10.1662,1.277,1.4784
"44.1",44,11.9864,1.3777,13.8066,10.1662,1.277,1.4784
"44.2",44,11.9864,1.3777,13.8066,10.1662,1.277,1.4784
"44.3",44,11.9864,1.3777,13.8066,10.1662,1.277,1.4784
"44.4",44,11.9864,1.3777,13.8066,10.1662,1.277,1.4784
"44.5",44,11.9864,1.3777,13.8066,10.1662,1.277,1.4784
"44.6",44,11.9864,1.3777,13.8066,10.1662,1.277,1.4784
"44.7",44,11.9864,1.3777,13.8066,10.1662,1.277,1.4784
"44.8",44,11.9864,1.3777,13.8066,10.1662,1.277,1.4784
"44.9",44,11.9864,1.3777,13.8066,10.1662,1.277,1.4784
"45",45,38.9,2.71,55.72,22.08,3.24,2.18
"45.1",45,38.9,2.71,55.72,22.08,3.24,2.18
"45.2",45,38.9,2.71,55.72,22.08,3.24,2.18
"45.3",45,38.9,2.71,55.72,22.08,3.24,2.18
"45.4",45,38.9,2.71,55.72,22.08,3.24,2.18
"45.5",45,38.9,2.71,55.72,22.08,3.24,2.18
"45.6",45,38.9,2.71,55.72,22.08,3.24,2.18
"45.7",45,38.9,2.71,55.72,22.08,3.24,2.18
"45.8",45,38.9,2.71,55.72,22.08,3.24,2.18
"45.9",45,38.9,2.71,55.72,22.08,3.24,2.18
"46",46,27.736,4.408,30.0894,25.3826,2.5248,6.2912
"46.1",46,27.736,4.408,30.0894,25.3826,2.5248,6.2912
"46.2",46,27.736,4.408,30.0894,25.3826,2.5248,6.2912
"46.3",46,27.736,4.408,30.0894,25.3826,2.5248,6.2912
"46.4",46,27.736,4.408,30.0894,25.3826,2.5248,6.2912
"46.5",46,27.736,4.408,30.0894,25.3826,2.5248,6.2912
"46.6",46,27.736,4.408,30.0894,25.3826,2.5248,6.2912
"46.7",46,27.736,4.408,30.0894,25.3826,2.5248,6.2912
"46.8",46,27.736,4.408,30.0894,25.3826,2.5248,6.2912
"46.9",46,27.736,4.408,30.0894,25.3826,2.5248,6.2912
"47",47,36.9466,1.9545,40.421,33.4722,2.2016,1.7074
"47.1",47,36.9466,1.9545,40.421,33.4722,2.2016,1.7074
"47.2",47,36.9466,1.9545,40.421,33.4722,2.2016,1.7074
"47.3",47,36.9466,1.9545,40.421,33.4722,2.2016,1.7074
"47.4",47,36.9466,1.9545,40.421,33.4722,2.2016,1.7074
"47.5",47,36.9466,1.9545,40.421,33.4722,2.2016,1.7074
"47.6",47,36.9466,1.9545,40.421,33.4722,2.2016,1.7074
"47.7",47,36.9466,1.9545,40.421,33.4722,2.2016,1.7074
"47.8",47,36.9466,1.9545,40.421,33.4722,2.2016,1.7074
"47.9",47,36.9466,1.9545,40.421,33.4722,2.2016,1.7074
"48",48,28.8407,1.7178,32.1996,25.4818,2.1352,1.3004
"48.1",48,28.8407,1.7178,32.1996,25.4818,2.1352,1.3004
"48.2",48,28.8407,1.7178,32.1996,25.4818,2.1352,1.3004
"48.3",48,28.8407,1.7178,32.1996,25.4818,2.1352,1.3004
"48.4",48,28.8407,1.7178,32.1996,25.4818,2.1352,1.3004
"48.5",48,28.8407,1.7178,32.1996,25.4818,2.1352,1.3004
"48.6",48,28.8407,1.7178,32.1996,25.4818,2.1352,1.3004
"48.7",48,28.8407,1.7178,32.1996,25.4818,2.1352,1.3004
"48.8",48,28.8407,1.7178,32.1996,25.4818,2.1352,1.3004
"48.9",48,28.8407,1.7178,32.1996,25.4818,2.1352,1.3004
"49",49,10.8463,2.2344,17.1344,4.5582,2.6322,1.8366
"49.1",49,10.8463,2.2344,17.1344,4.5582,2.6322,1.8366
"49.2",49,10.8463,2.2344,17.1344,4.5582,2.6322,1.8366
"49.3",49,10.8463,2.2344,17.1344,4.5582,2.6322,1.8366
"49.4",49,10.8463,2.2344,17.1344,4.5582,2.6322,1.8366
"49.5",49,10.8463,2.2344,17.1344,4.5582,2.6322,1.8366
"49.6",49,10.8463,2.2344,17.1344,4.5582,2.6322,1.8366
"49.7",49,10.8463,2.2344,17.1344,4.5582,2.6322,1.8366
"49.8",49,10.8463,2.2344,17.1344,4.5582,2.6322,1.8366
"49.9",49,10.8463,2.2344,17.1344,4.5582,2.6322,1.8366
"50",50,21.1799,2.0802,29.4566,12.9032,2.7878,1.3726
"50.1",50,21.1799,2.0802,29.4566,12.9032,2.7878,1.3726
"50.2",50,21.1799,2.0802,29.4566,12.9032,2.7878,1.3726
"50.3",50,21.1799,2.0802,29.4566,12.9032,2.7878,1.3726
"50.4",50,21.1799,2.0802,29.4566,12.9032,2.7878,1.3726
"50.5",50,21.1799,2.0802,29.4566,12.9032,2.7878,1.3726
"50.6",50,21.1799,2.0802,29.4566,12.9032,2.7878,1.3726
"50.7",50,21.1799,2.0802,29.4566,12.9032,2.7878,1.3726
"50.8",50,21.1799,2.0802,29.4566,12.9032,2.7878,1.3726
"50.9",50,21.1799,2.0802,29.4566,12.9032,2.7878,1.3726
"51",51,30.1624,1.3363,22.2856,38.0392,1.5956,1.077
"51.1",51,30.1624,1.3363,22.2856,38.0392,1.5956,1.077
"51.2",51,30.1624,1.3363,22.2856,38.0392,1.5956,1.077
"51.3",51,30.1624,1.3363,22.2856,38.0392,1.5956,1.077
"51.4",51,30.1624,1.3363,22.2856,38.0392,1.5956,1.077
"51.5",51,30.1624,1.3363,22.2856,38.0392,1.5956,1.077
"51.6",51,30.1624,1.3363,22.2856,38.0392,1.5956,1.077
"51.7",51,30.1624,1.3363,22.2856,38.0392,1.5956,1.077
"51.8",51,30.1624,1.3363,22.2856,38.0392,1.5956,1.077
"51.9",51,30.1624,1.3363,22.2856,38.0392,1.5956,1.077
"52",52,41.5928,3.3716,49.2438,33.9418,3.3446,3.3986
"52.1",52,41.5928,3.3716,49.2438,33.9418,3.3446,3.3986
"52.2",52,41.5928,3.3716,49.2438,33.9418,3.3446,3.3986
"52.3",52,41.5928,3.3716,49.2438,33.9418,3.3446,3.3986
"52.4",52,41.5928,3.3716,49.2438,33.9418,3.3446,3.3986
"52.5",52,41.5928,3.3716,49.2438,33.9418,3.3446,3.3986
"52.6",52,41.5928,3.3716,49.2438,33.9418,3.3446,3.3986
"52.7",52,41.5928,3.3716,49.2438,33.9418,3.3446,3.3986
"52.8",52,41.5928,3.3716,49.2438,33.9418,3.3446,3.3986
"52.9",52,41.5928,3.3716,49.2438,33.9418,3.3446,3.3986
"53",53,12.3057,1.1635,13.8998,10.7116,1.2056,1.1214
"53.1",53,12.3057,1.1635,13.8998,10.7116,1.2056,1.1214
"53.2",53,12.3057,1.1635,13.8998,10.7116,1.2056,1.1214
"53.3",53,12.3057,1.1635,13.8998,10.7116,1.2056,1.1214
"53.4",53,12.3057,1.1635,13.8998,10.7116,1.2056,1.1214
"53.5",53,12.3057,1.1635,13.8998,10.7116,1.2056,1.1214
"53.6",53,12.3057,1.1635,13.8998,10.7116,1.2056,1.1214
"53.7",53,12.3057,1.1635,13.8998,10.7116,1.2056,1.1214
"53.8",53,12.3057,1.1635,13.8998,10.7116,1.2056,1.1214
"53.9",53,12.3057,1.1635,13.8998,10.7116,1.2056,1.1214
"54",54,5.5283,1.7223,9.4222,1.6344,1.9982,1.4464
"54.1",54,5.5283,1.7223,9.4222,1.6344,1.9982,1.4464
"54.2",54,5.5283,1.7223,9.4222,1.6344,1.9982,1.4464
"54.3",54,5.5283,1.7223,9.4222,1.6344,1.9982,1.4464
"54.4",54,5.5283,1.7223,9.4222,1.6344,1.9982,1.4464
"54.5",54,5.5283,1.7223,9.4222,1.6344,1.9982,1.4464
"54.6",54,5.5283,1.7223,9.4222,1.6344,1.9982,1.4464
"54.7",54,5.5283,1.7223,9.4222,1.6344,1.9982,1.4464
"54.8",54,5.5283,1.7223,9.4222,1.6344,1.9982,1.4464
"54.9",54,5.5283,1.7223,9.4222,1.6344,1.9982,1.4464
"55",55,40.6993,2.3538,47.3712,34.0274,2.3178,2.3898
"55.1",55,40.6993,2.3538,47.3712,34.0274,2.3178,2.3898
"55.2",55,40.6993,2.3538,47.3712,34.0274,2.3178,2.3898
"55.3",55,40.6993,2.3538,47.3712,34.0274,2.3178,2.3898
"55.4",55,40.6993,2.3538,47.3712,34.0274,2.3178,2.3898
"55.5",55,40.6993,2.3538,47.3712,34.0274,2.3178,2.3898
"55.6",55,40.6993,2.3538,47.3712,34.0274,2.3178,2.3898
"55.7",55,40.6993,2.3538,47.3712,34.0274,2.3178,2.3898
"55.8",55,40.6993,2.3538,47.3712,34.0274,2.3178,2.3898
"55.9",55,40.6993,2.3538,47.3712,34.0274,2.3178,2.3898
"56",56,19.6668,2.2417,29.1194,10.2142,2.4504,2.033
"56.1",56,19.6668,2.2417,29.1194,10.2142,2.4504,2.033
"56.2",56,19.6668,2.2417,29.1194,10.2142,2.4504,2.033
"56.3",56,19.6668,2.2417,29.1194,10.2142,2.4504,2.033
"56.4",56,19.6668,2.2417,29.1194,10.2142,2.4504,2.033
"56.5",56,19.6668,2.2417,29.1194,10.2142,2.4504,2.033
"56.6",56,19.6668,2.2417,29.1194,10.2142,2.4504,2.033
"56.7",56,19.6668,2.2417,29.1194,10.2142,2.4504,2.033
"56.8",56,19.6668,2.2417,29.1194,10.2142,2.4504,2.033
"56.9",56,19.6668,2.2417,29.1194,10.2142,2.4504,2.033
"57",57,37.7318,2.6686,25.9392,49.5244,3.0278,2.3094
"57.1",57,37.7318,2.6686,25.9392,49.5244,3.0278,2.3094
"57.2",57,37.7318,2.6686,25.9392,49.5244,3.0278,2.3094
"57.3",57,37.7318,2.6686,25.9392,49.5244,3.0278,2.3094
"57.4",57,37.7318,2.6686,25.9392,49.5244,3.0278,2.3094
"57.5",57,37.7318,2.6686,25.9392,49.5244,3.0278,2.3094
"57.6",57,37.7318,2.6686,25.9392,49.5244,3.0278,2.3094
"57.7",57,37.7318,2.6686,25.9392,49.5244,3.0278,2.3094
"57.8",57,37.7318,2.6686,25.9392,49.5244,3.0278,2.3094
"57.9",57,37.7318,2.6686,25.9392,49.5244,3.0278,2.3094
"58",58,34.2316,2.7041,38.5948,29.8684,2.4594,2.9488
"58.1",58,34.2316,2.7041,38.5948,29.8684,2.4594,2.9488
"58.2",58,34.2316,2.7041,38.5948,29.8684,2.4594,2.9488
"58.3",58,34.2316,2.7041,38.5948,29.8684,2.4594,2.9488
"58.4",58,34.2316,2.7041,38.5948,29.8684,2.4594,2.9488
"58.5",58,34.2316,2.7041,38.5948,29.8684,2.4594,2.9488
"58.6",58,34.2316,2.7041,38.5948,29.8684,2.4594,2.9488
"58.7",58,34.2316,2.7041,38.5948,29.8684,2.4594,2.9488
"58.8",58,34.2316,2.7041,38.5948,29.8684,2.4594,2.9488
"58.9",58,34.2316,2.7041,38.5948,29.8684,2.4594,2.9488
"59",59,33.5127,1.4626,21.8836,45.1418,1.8126,1.1126
"59.1",59,33.5127,1.4626,21.8836,45.1418,1.8126,1.1126
"59.2",59,33.5127,1.4626,21.8836,45.1418,1.8126,1.1126
"59.3",59,33.5127,1.4626,21.8836,45.1418,1.8126,1.1126
"59.4",59,33.5127,1.4626,21.8836,45.1418,1.8126,1.1126
"59.5",59,33.5127,1.4626,21.8836,45.1418,1.8126,1.1126
"59.6",59,33.5127,1.4626,21.8836,45.1418,1.8126,1.1126
"59.7",59,33.5127,1.4626,21.8836,45.1418,1.8126,1.1126
"59.8",59,33.5127,1.4626,21.8836,45.1418,1.8126,1.1126
"59.9",59,33.5127,1.4626,21.8836,45.1418,1.8126,1.1126
"60",60,22.0342,2.6136,19.3508,24.7176,3.4128,1.8144
"60.1",60,22.0342,2.6136,19.3508,24.7176,3.4128,1.8144
"60.2",60,22.0342,2.6136,19.3508,24.7176,3.4128,1.8144
"60.3",60,22.0342,2.6136,19.3508,24.7176,3.4128,1.8144
"60.4",60,22.0342,2.6136,19.3508,24.7176,3.4128,1.8144
"60.5",60,22.0342,2.6136,19.3508,24.7176,3.4128,1.8144
"60.6",60,22.0342,2.6136,19.3508,24.7176,3.4128,1.8144
"60.7",60,22.0342,2.6136,19.3508,24.7176,3.4128,1.8144
"60.8",60,22.0342,2.6136,19.3508,24.7176,3.4128,1.8144
"60.9",60,22.0342,2.6136,19.3508,24.7176,3.4128,1.8144
"61",61,47.542,2.3492,39.689,55.395,3.662,1.0364
"61.1",61,47.542,2.3492,39.689,55.395,3.662,1.0364
"61.2",61,47.542,2.3492,39.689,55.395,3.662,1.0364
"61.3",61,47.542,2.3492,39.689,55.395,3.662,1.0364
"61.4",61,47.542,2.3492,39.689,55.395,3.662,1.0364
"61.5",61,47.542,2.3492,39.689,55.395,3.662,1.0364
"61.6",61,47.542,2.3492,39.689,55.395,3.662,1.0364
"61.7",61,47.542,2.3492,39.689,55.395,3.662,1.0364
"61.8",61,47.542,2.3492,39.689,55.395,3.662,1.0364
"61.9",61,47.542,2.3492,39.689,55.395,3.662,1.0364
"62",62,16.5158,2.9643,14.239,18.7926,4.405,1.5236
"62.1",62,16.5158,2.9643,14.239,18.7926,4.405,1.5236
"62.2",62,16.5158,2.9643,14.239,18.7926,4.405,1.5236
"62.3",62,16.5158,2.9643,14.239,18.7926,4.405,1.5236
"62.4",62,16.5158,2.9643,14.239,18.7926,4.405,1.5236
"62.5",62,16.5158,2.9643,14.239,18.7926,4.405,1.5236
"62.6",62,16.5158,2.9643,14.239,18.7926,4.405,1.5236
"62.7",62,16.5158,2.9643,14.239,18.7926,4.405,1.5236
"62.8",62,16.5158,2.9643,14.239,18.7926,4.405,1.5236
"62.9",62,16.5158,2.9643,14.239,18.7926,4.405,1.5236
"63",63,24.2392,1.6839,27.2572,21.2212,1.8146,1.5532
"63.1",63,24.2392,1.6839,27.2572,21.2212,1.8146,1.5532
"63.2",63,24.2392,1.6839,27.2572,21.2212,1.8146,1.5532
"63.3",63,24.2392,1.6839,27.2572,21.2212,1.8146,1.5532
"63.4",63,24.2392,1.6839,27.2572,21.2212,1.8146,1.5532
"63.5",63,24.2392,1.6839,27.2572,21.2212,1.8146,1.5532
"63.6",63,24.2392,1.6839,27.2572,21.2212,1.8146,1.5532
"63.7",63,24.2392,1.6839,27.2572,21.2212,1.8146,1.5532
"63.8",63,24.2392,1.6839,27.2572,21.2212,1.8146,1.5532
"63.9",63,24.2392,1.6839,27.2572,21.2212,1.8146,1.5532
"64",64,31.5048,1.9571,44.4862,18.5234,1.9294,1.9848
"64.1",64,31.5048,1.9571,44.4862,18.5234,1.9294,1.9848
"64.2",64,31.5048,1.9571,44.4862,18.5234,1.9294,1.9848
"64.3",64,31.5048,1.9571,44.4862,18.5234,1.9294,1.9848
"64.4",64,31.5048,1.9571,44.4862,18.5234,1.9294,1.9848
"64.5",64,31.5048,1.9571,44.4862,18.5234,1.9294,1.9848
"64.6",64,31.5048,1.9571,44.4862,18.5234,1.9294,1.9848
"64.7",64,31.5048,1.9571,44.4862,18.5234,1.9294,1.9848
"64.8",64,31.5048,1.9571,44.4862,18.5234,1.9294,1.9848
"64.9",64,31.5048,1.9571,44.4862,18.5234,1.9294,1.9848
"65",65,13.4329,4.3642,16.991,9.8748,1.5288,7.1996
"65.1",65,13.4329,4.3642,16.991,9.8748,1.5288,7.1996
"65.2",65,13.4329,4.3642,16.991,9.8748,1.5288,7.1996
"65.3",65,13.4329,4.3642,16.991,9.8748,1.5288,7.1996
"65.4",65,13.4329,4.3642,16.991,9.8748,1.5288,7.1996
"65.5",65,13.4329,4.3642,16.991,9.8748,1.5288,7.1996
"65.6",65,13.4329,4.3642,16.991,9.8748,1.5288,7.1996
"65.7",65,13.4329,4.3642,16.991,9.8748,1.5288,7.1996
"65.8",65,13.4329,4.3642,16.991,9.8748,1.5288,7.1996
"65.9",65,13.4329,4.3642,16.991,9.8748,1.5288,7.1996
"66",66,6.6059,3.1617,11.6674,1.5444,4.1168,2.2066
"66.1",66,6.6059,3.1617,11.6674,1.5444,4.1168,2.2066
"66.2",66,6.6059,3.1617,11.6674,1.5444,4.1168,2.2066
"66.3",66,6.6059,3.1617,11.6674,1.5444,4.1168,2.2066
"66.4",66,6.6059,3.1617,11.6674,1.5444,4.1168,2.2066
"66.5",66,6.6059,3.1617,11.6674,1.5444,4.1168,2.2066
"66.6",66,6.6059,3.1617,11.6674,1.5444,4.1168,2.2066
"66.7",66,6.6059,3.1617,11.6674,1.5444,4.1168,2.2066
"66.8",66,6.6059,3.1617,11.6674,1.5444,4.1168,2.2066
"66.9",66,6.6059,3.1617,11.6674,1.5444,4.1168,2.2066
"67",67,11.0189,3.9931,8.9606,13.0772,4.2164,3.7698
"67.1",67,11.0189,3.9931,8.9606,13.0772,4.2164,3.7698
"67.2",67,11.0189,3.9931,8.9606,13.0772,4.2164,3.7698
"67.3",67,11.0189,3.9931,8.9606,13.0772,4.2164,3.7698
"67.4",67,11.0189,3.9931,8.9606,13.0772,4.2164,3.7698
"67.5",67,11.0189,3.9931,8.9606,13.0772,4.2164,3.7698
"67.6",67,11.0189,3.9931,8.9606,13.0772,4.2164,3.7698
"67.7",67,11.0189,3.9931,8.9606,13.0772,4.2164,3.7698
"67.8",67,11.0189,3.9931,8.9606,13.0772,4.2164,3.7698
"67.9",67,11.0189,3.9931,8.9606,13.0772,4.2164,3.7698
"68",68,29.4033,3.6866,30.084,28.7226,4.861,2.5122
"68.1",68,29.4033,3.6866,30.084,28.7226,4.861,2.5122
"68.2",68,29.4033,3.6866,30.084,28.7226,4.861,2.5122
"68.3",68,29.4033,3.6866,30.084,28.7226,4.861,2.5122
"68.4",68,29.4033,3.6866,30.084,28.7226,4.861,2.5122
"68.5",68,29.4033,3.6866,30.084,28.7226,4.861,2.5122
"68.6",68,29.4033,3.6866,30.084,28.7226,4.861,2.5122
"68.7",68,29.4033,3.6866,30.084,28.7226,4.861,2.5122
"68.8",68,29.4033,3.6866,30.084,28.7226,4.861,2.5122
"68.9",68,29.4033,3.6866,30.084,28.7226,4.861,2.5122
"69",69,52.6961,1.4854,50.9268,54.4654,1.3054,1.6654
"69.1",69,52.6961,1.4854,50.9268,54.4654,1.3054,1.6654
"69.2",69,52.6961,1.4854,50.9268,54.4654,1.3054,1.6654
"69.3",69,52.6961,1.4854,50.9268,54.4654,1.3054,1.6654
"69.4",69,52.6961,1.4854,50.9268,54.4654,1.3054,1.6654
"69.5",69,52.6961,1.4854,50.9268,54.4654,1.3054,1.6654
"69.6",69,52.6961,1.4854,50.9268,54.4654,1.3054,1.6654
"69.7",69,52.6961,1.4854,50.9268,54.4654,1.3054,1.6654
"69.8",69,52.6961,1.4854,50.9268,54.4654,1.3054,1.6654
"69.9",69,52.6961,1.4854,50.9268,54.4654,1.3054,1.6654
"70",70,39.6031,3.2874,43.794,35.4122,3.5852,2.9896
"70.1",70,39.6031,3.2874,43.794,35.4122,3.5852,2.9896
"70.2",70,39.6031,3.2874,43.794,35.4122,3.5852,2.9896
"70.3",70,39.6031,3.2874,43.794,35.4122,3.5852,2.9896
"70.4",70,39.6031,3.2874,43.794,35.4122,3.5852,2.9896
"70.5",70,39.6031,3.2874,43.794,35.4122,3.5852,2.9896
"70.6",70,39.6031,3.2874,43.794,35.4122,3.5852,2.9896
"70.7",70,39.6031,3.2874,43.794,35.4122,3.5852,2.9896
"70.8",70,39.6031,3.2874,43.794,35.4122,3.5852,2.9896
"70.9",70,39.6031,3.2874,43.794,35.4122,3.5852,2.9896
"71",71,34.8121,3.254,36.3898,33.2344,3.4566,3.0514
"71.1",71,34.8121,3.254,36.3898,33.2344,3.4566,3.0514
"71.2",71,34.8121,3.254,36.3898,33.2344,3.4566,3.0514
"71.3",71,34.8121,3.254,36.3898,33.2344,3.4566,3.0514
"71.4",71,34.8121,3.254,36.3898,33.2344,3.4566,3.0514
"71.5",71,34.8121,3.254,36.3898,33.2344,3.4566,3.0514
"71.6",71,34.8121,3.254,36.3898,33.2344,3.4566,3.0514
"71.7",71,34.8121,3.254,36.3898,33.2344,3.4566,3.0514
"71.8",71,34.8121,3.254,36.3898,33.2344,3.4566,3.0514
"71.9",71,34.8121,3.254,36.3898,33.2344,3.4566,3.0514
"72",72,33.2332,2.6632,35.1126,31.3538,3.1174,2.209
"72.1",72,33.2332,2.6632,35.1126,31.3538,3.1174,2.209
"72.2",72,33.2332,2.6632,35.1126,31.3538,3.1174,2.209
"72.3",72,33.2332,2.6632,35.1126,31.3538,3.1174,2.209
"72.4",72,33.2332,2.6632,35.1126,31.3538,3.1174,2.209
"72.5",72,33.2332,2.6632,35.1126,31.3538,3.1174,2.209
"72.6",72,33.2332,2.6632,35.1126,31.3538,3.1174,2.209
"72.7",72,33.2332,2.6632,35.1126,31.3538,3.1174,2.209
"72.8",72,33.2332,2.6632,35.1126,31.3538,3.1174,2.209
"72.9",72,33.2332,2.6632,35.1126,31.3538,3.1174,2.209
"73",73,49.2948,1.8979,39.8984,58.6912,2.2878,1.508
"73.1",73,49.2948,1.8979,39.8984,58.6912,2.2878,1.508
"73.2",73,49.2948,1.8979,39.8984,58.6912,2.2878,1.508
"73.3",73,49.2948,1.8979,39.8984,58.6912,2.2878,1.508
"73.4",73,49.2948,1.8979,39.8984,58.6912,2.2878,1.508
"73.5",73,49.2948,1.8979,39.8984,58.6912,2.2878,1.508
"73.6",73,49.2948,1.8979,39.8984,58.6912,2.2878,1.508
"73.7",73,49.2948,1.8979,39.8984,58.6912,2.2878,1.508
"73.8",73,49.2948,1.8979,39.8984,58.6912,2.2878,1.508
"73.9",73,49.2948,1.8979,39.8984,58.6912,2.2878,1.508
"74",74,31.7701,3.248,31.1062,32.434,4.104,2.392
"74.1",74,31.7701,3.248,31.1062,32.434,4.104,2.392
"74.2",74,31.7701,3.248,31.1062,32.434,4.104,2.392
"74.3",74,31.7701,3.248,31.1062,32.434,4.104,2.392
"74.4",74,31.7701,3.248,31.1062,32.434,4.104,2.392
"74.5",74,31.7701,3.248,31.1062,32.434,4.104,2.392
"74.6",74,31.7701,3.248,31.1062,32.434,4.104,2.392
"74.7",74,31.7701,3.248,31.1062,32.434,4.104,2.392
"74.8",74,31.7701,3.248,31.1062,32.434,4.104,2.392
"74.9",74,31.7701,3.248,31.1062,32.434,4.104,2.392
"75",75,49.1554,5.444,82.7106,15.6002,8.5206,2.3674
"75.1",75,49.1554,5.444,82.7106,15.6002,8.5206,2.3674
"75.2",75,49.1554,5.444,82.7106,15.6002,8.5206,2.3674
"75.3",75,49.1554,5.444,82.7106,15.6002,8.5206,2.3674
"75.4",75,49.1554,5.444,82.7106,15.6002,8.5206,2.3674
"75.5",75,49.1554,5.444,82.7106,15.6002,8.5206,2.3674
"75.6",75,49.1554,5.444,82.7106,15.6002,8.5206,2.3674
"75.7",75,49.1554,5.444,82.7106,15.6002,8.5206,2.3674
"75.8",75,49.1554,5.444,82.7106,15.6002,8.5206,2.3674
"75.9",75,49.1554,5.444,82.7106,15.6002,8.5206,2.3674
"76",76,7.8868,4.0172,7.2712,8.5024,2.0166,6.0178
"76.1",76,7.8868,4.0172,7.2712,8.5024,2.0166,6.0178
"76.2",76,7.8868,4.0172,7.2712,8.5024,2.0166,6.0178
"76.3",76,7.8868,4.0172,7.2712,8.5024,2.0166,6.0178
"76.4",76,7.8868,4.0172,7.2712,8.5024,2.0166,6.0178
"76.5",76,7.8868,4.0172,7.2712,8.5024,2.0166,6.0178
"76.6",76,7.8868,4.0172,7.2712,8.5024,2.0166,6.0178
"76.7",76,7.8868,4.0172,7.2712,8.5024,2.0166,6.0178
"76.8",76,7.8868,4.0172,7.2712,8.5024,2.0166,6.0178
"76.9",76,7.8868,4.0172,7.2712,8.5024,2.0166,6.0178
"77",77,27.3249,1.6659,28.8894,25.7604,1.8794,1.4524
"77.1",77,27.3249,1.6659,28.8894,25.7604,1.8794,1.4524
"77.2",77,27.3249,1.6659,28.8894,25.7604,1.8794,1.4524
"77.3",77,27.3249,1.6659,28.8894,25.7604,1.8794,1.4524
"77.4",77,27.3249,1.6659,28.8894,25.7604,1.8794,1.4524
"77.5",77,27.3249,1.6659,28.8894,25.7604,1.8794,1.4524
"77.6",77,27.3249,1.6659,28.8894,25.7604,1.8794,1.4524
"77.7",77,27.3249,1.6659,28.8894,25.7604,1.8794,1.4524
"77.8",77,27.3249,1.6659,28.8894,25.7604,1.8794,1.4524
"77.9",77,27.3249,1.6659,28.8894,25.7604,1.8794,1.4524
"78",78,32.743,2.1983,39.2338,26.2522,2.5648,1.8318
"78.1",78,32.743,2.1983,39.2338,26.2522,2.5648,1.8318
"78.2",78,32.743,2.1983,39.2338,26.2522,2.5648,1.8318
"78.3",78,32.743,2.1983,39.2338,26.2522,2.5648,1.8318
"78.4",78,32.743,2.1983,39.2338,26.2522,2.5648,1.8318
"78.5",78,32.743,2.1983,39.2338,26.2522,2.5648,1.8318
"78.6",78,32.743,2.1983,39.2338,26.2522,2.5648,1.8318
"78.7",78,32.743,2.1983,39.2338,26.2522,2.5648,1.8318
"78.8",78,32.743,2.1983,39.2338,26.2522,2.5648,1.8318
"78.9",78,32.743,2.1983,39.2338,26.2522,2.5648,1.8318
"79",79,38.6075,0.9946,41.1838,36.0312,1.33,0.6592
"79.1",79,38.6075,0.9946,41.1838,36.0312,1.33,0.6592
"79.2",79,38.6075,0.9946,41.1838,36.0312,1.33,0.6592
"79.3",79,38.6075,0.9946,41.1838,36.0312,1.33,0.6592
"79.4",79,38.6075,0.9946,41.1838,36.0312,1.33,0.6592
"79.5",79,38.6075,0.9946,41.1838,36.0312,1.33,0.6592
"79.6",79,38.6075,0.9946,41.1838,36.0312,1.33,0.6592
"79.7",79,38.6075,0.9946,41.1838,36.0312,1.33,0.6592
"79.8",79,38.6075,0.9946,41.1838,36.0312,1.33,0.6592
"79.9",79,38.6075,0.9946,41.1838,36.0312,1.33,0.6592
"80",80,21.6245,2.6069,22.8872,20.3618,3.1334,2.0804
"80.1",80,21.6245,2.6069,22.8872,20.3618,3.1334,2.0804
"80.2",80,21.6245,2.6069,22.8872,20.3618,3.1334,2.0804
"80.3",80,21.6245,2.6069,22.8872,20.3618,3.1334,2.0804
"80.4",80,21.6245,2.6069,22.8872,20.3618,3.1334,2.0804
"80.5",80,21.6245,2.6069,22.8872,20.3618,3.1334,2.0804
"80.6",80,21.6245,2.6069,22.8872,20.3618,3.1334,2.0804
"80.7",80,21.6245,2.6069,22.8872,20.3618,3.1334,2.0804
"80.8",80,21.6245,2.6069,22.8872,20.3618,3.1334,2.0804
"80.9",80,21.6245,2.6069,22.8872,20.3618,3.1334,2.0804
"81",81,37.7318,1.8212,37.2286,38.235,1.6122,2.0302
"81.1",81,37.7318,1.8212,37.2286,38.235,1.6122,2.0302
"81.2",81,37.7318,1.8212,37.2286,38.235,1.6122,2.0302
"81.3",81,37.7318,1.8212,37.2286,38.235,1.6122,2.0302
"81.4",81,37.7318,1.8212,37.2286,38.235,1.6122,2.0302
"81.5",81,37.7318,1.8212,37.2286,38.235,1.6122,2.0302
"81.6",81,37.7318,1.8212,37.2286,38.235,1.6122,2.0302
"81.7",81,37.7318,1.8212,37.2286,38.235,1.6122,2.0302
"81.8",81,37.7318,1.8212,37.2286,38.235,1.6122,2.0302
"81.9",81,37.7318,1.8212,37.2286,38.235,1.6122,2.0302
"82",82,35.9317,3.8998,34.3706,37.4928,4.699,3.1006
"82.1",82,35.9317,3.8998,34.3706,37.4928,4.699,3.1006
"82.2",82,35.9317,3.8998,34.3706,37.4928,4.699,3.1006
"82.3",82,35.9317,3.8998,34.3706,37.4928,4.699,3.1006
"82.4",82,35.9317,3.8998,34.3706,37.4928,4.699,3.1006
"82.5",82,35.9317,3.8998,34.3706,37.4928,4.699,3.1006
"82.6",82,35.9317,3.8998,34.3706,37.4928,4.699,3.1006
"82.7",82,35.9317,3.8998,34.3706,37.4928,4.699,3.1006
"82.8",82,35.9317,3.8998,34.3706,37.4928,4.699,3.1006
"82.9",82,35.9317,3.8998,34.3706,37.4928,4.699,3.1006
"83",83,19.1515,2.4476,19.5944,18.7086,2.7726,2.1226
"83.1",83,19.1515,2.4476,19.5944,18.7086,2.7726,2.1226
"83.2",83,19.1515,2.4476,19.5944,18.7086,2.7726,2.1226
"83.3",83,19.1515,2.4476,19.5944,18.7086,2.7726,2.1226
"83.4",83,19.1515,2.4476,19.5944,18.7086,2.7726,2.1226
"83.5",83,19.1515,2.4476,19.5944,18.7086,2.7726,2.1226
"83.6",83,19.1515,2.4476,19.5944,18.7086,2.7726,2.1226
"83.7",83,19.1515,2.4476,19.5944,18.7086,2.7726,2.1226
"83.8",83,19.1515,2.4476,19.5944,18.7086,2.7726,2.1226
"83.9",83,19.1515,2.4476,19.5944,18.7086,2.7726,2.1226
"84",84,17.8253,1.676,19.2178,16.4328,1.6192,1.7328
"84.1",84,17.8253,1.676,19.2178,16.4328,1.6192,1.7328
"84.2",84,17.8253,1.676,19.2178,16.4328,1.6192,1.7328
"84.3",84,17.8253,1.676,19.2178,16.4328,1.6192,1.7328
"84.4",84,17.8253,1.676,19.2178,16.4328,1.6192,1.7328
"84.5",84,17.8253,1.676,19.2178,16.4328,1.6192,1.7328
"84.6",84,17.8253,1.676,19.2178,16.4328,1.6192,1.7328
"84.7",84,17.8253,1.676,19.2178,16.4328,1.6192,1.7328
"84.8",84,17.8253,1.676,19.2178,16.4328,1.6192,1.7328
"84.9",84,17.8253,1.676,19.2178,16.4328,1.6192,1.7328
"85",85,51.0685,1.8397,76.4922,25.6448,1.9234,1.756
"85.1",85,51.0685,1.8397,76.4922,25.6448,1.9234,1.756
"85.2",85,51.0685,1.8397,76.4922,25.6448,1.9234,1.756
"85.3",85,51.0685,1.8397,76.4922,25.6448,1.9234,1.756
"85.4",85,51.0685,1.8397,76.4922,25.6448,1.9234,1.756
"85.5",85,51.0685,1.8397,76.4922,25.6448,1.9234,1.756
"85.6",85,51.0685,1.8397,76.4922,25.6448,1.9234,1.756
"85.7",85,51.0685,1.8397,76.4922,25.6448,1.9234,1.756
"85.8",85,51.0685,1.8397,76.4922,25.6448,1.9234,1.756
"85.9",85,51.0685,1.8397,76.4922,25.6448,1.9234,1.756
"86",86,8.4127,1.0885,10.2166,6.6088,1.3438,0.8332
"86.1",86,8.4127,1.0885,10.2166,6.6088,1.3438,0.8332
"86.2",86,8.4127,1.0885,10.2166,6.6088,1.3438,0.8332
"86.3",86,8.4127,1.0885,10.2166,6.6088,1.3438,0.8332
"86.4",86,8.4127,1.0885,10.2166,6.6088,1.3438,0.8332
"86.5",86,8.4127,1.0885,10.2166,6.6088,1.3438,0.8332
"86.6",86,8.4127,1.0885,10.2166,6.6088,1.3438,0.8332
"86.7",86,8.4127,1.0885,10.2166,6.6088,1.3438,0.8332
"86.8",86,8.4127,1.0885,10.2166,6.6088,1.3438,0.8332
"86.9",86,8.4127,1.0885,10.2166,6.6088,1.3438,0.8332
"87",87,17.9892,1.3663,27.176,8.8024,1.7066,1.026
"87.1",87,17.9892,1.3663,27.176,8.8024,1.7066,1.026
"87.2",87,17.9892,1.3663,27.176,8.8024,1.7066,1.026
"87.3",87,17.9892,1.3663,27.176,8.8024,1.7066,1.026
"87.4",87,17.9892,1.3663,27.176,8.8024,1.7066,1.026
"87.5",87,17.9892,1.3663,27.176,8.8024,1.7066,1.026
"87.6",87,17.9892,1.3663,27.176,8.8024,1.7066,1.026
"87.7",87,17.9892,1.3663,27.176,8.8024,1.7066,1.026
"87.8",87,17.9892,1.3663,27.176,8.8024,1.7066,1.026
"87.9",87,17.9892,1.3663,27.176,8.8024,1.7066,1.026
"88",88,36.3625,1.6686,34.553,38.172,1.8806,1.4566
"88.1",88,36.3625,1.6686,34.553,38.172,1.8806,1.4566
"88.2",88,36.3625,1.6686,34.553,38.172,1.8806,1.4566
"88.3",88,36.3625,1.6686,34.553,38.172,1.8806,1.4566
"88.4",88,36.3625,1.6686,34.553,38.172,1.8806,1.4566
"88.5",88,36.3625,1.6686,34.553,38.172,1.8806,1.4566
"88.6",88,36.3625,1.6686,34.553,38.172,1.8806,1.4566
"88.7",88,36.3625,1.6686,34.553,38.172,1.8806,1.4566
"88.8",88,36.3625,1.6686,34.553,38.172,1.8806,1.4566
"88.9",88,36.3625,1.6686,34.553,38.172,1.8806,1.4566
"89",89,21.9556,2.9405,19.8058,24.1054,2.9346,2.9464
"89.1",89,21.9556,2.9405,19.8058,24.1054,2.9346,2.9464
"89.2",89,21.9556,2.9405,19.8058,24.1054,2.9346,2.9464
"89.3",89,21.9556,2.9405,19.8058,24.1054,2.9346,2.9464
"89.4",89,21.9556,2.9405,19.8058,24.1054,2.9346,2.9464
"89.5",89,21.9556,2.9405,19.8058,24.1054,2.9346,2.9464
"89.6",89,21.9556,2.9405,19.8058,24.1054,2.9346,2.9464
"89.7",89,21.9556,2.9405,19.8058,24.1054,2.9346,2.9464
"89.8",89,21.9556,2.9405,19.8058,24.1054,2.9346,2.9464
"89.9",89,21.9556,2.9405,19.8058,24.1054,2.9346,2.9464
"90",90,10.8196,1.2389,9.873,11.7662,1.5334,0.9444
"90.1",90,10.8196,1.2389,9.873,11.7662,1.5334,0.9444
"90.2",90,10.8196,1.2389,9.873,11.7662,1.5334,0.9444
"90.3",90,10.8196,1.2389,9.873,11.7662,1.5334,0.9444
"90.4",90,10.8196,1.2389,9.873,11.7662,1.5334,0.9444
"90.5",90,10.8196,1.2389,9.873,11.7662,1.5334,0.9444
"90.6",90,10.8196,1.2389,9.873,11.7662,1.5334,0.9444
"90.7",90,10.8196,1.2389,9.873,11.7662,1.5334,0.9444
"90.8",90,10.8196,1.2389,9.873,11.7662,1.5334,0.9444
"90.9",90,10.8196,1.2389,9.873,11.7662,1.5334,0.9444
"91",91,22.5564,4.199,24.7298,20.383,6.8394,1.5586
"91.1",91,22.5564,4.199,24.7298,20.383,6.8394,1.5586
"91.2",91,22.5564,4.199,24.7298,20.383,6.8394,1.5586
"91.3",91,22.5564,4.199,24.7298,20.383,6.8394,1.5586
"91.4",91,22.5564,4.199,24.7298,20.383,6.8394,1.5586
"91.5",91,22.5564,4.199,24.7298,20.383,6.8394,1.5586
"91.6",91,22.5564,4.199,24.7298,20.383,6.8394,1.5586
"91.7",91,22.5564,4.199,24.7298,20.383,6.8394,1.5586
"91.8",91,22.5564,4.199,24.7298,20.383,6.8394,1.5586
"91.9",91,22.5564,4.199,24.7298,20.383,6.8394,1.5586
"92",92,39.3665,3.5793,40.5988,38.1342,3.42,3.7386
"92.1",92,39.3665,3.5793,40.5988,38.1342,3.42,3.7386
"92.2",92,39.3665,3.5793,40.5988,38.1342,3.42,3.7386
"92.3",92,39.3665,3.5793,40.5988,38.1342,3.42,3.7386
"92.4",92,39.3665,3.5793,40.5988,38.1342,3.42,3.7386
"92.5",92,39.3665,3.5793,40.5988,38.1342,3.42,3.7386
"92.6",92,39.3665,3.5793,40.5988,38.1342,3.42,3.7386
"92.7",92,39.3665,3.5793,40.5988,38.1342,3.42,3.7386
"92.8",92,39.3665,3.5793,40.5988,38.1342,3.42,3.7386
"92.9",92,39.3665,3.5793,40.5988,38.1342,3.42,3.7386
