Subject,Gender,Age,Race,Eth.Ori,Education,Spite,SSES,SRPS,SJS,Vignettes,Content,Justification,Realism,Justification_overall_timing,agreement_overall_timing,sexual_timing_justification,non_sexual_timing_justification,agreement_sexual_timing,agreement_non_sexual_timing
1,3,24,1,2,4,50,38,3.748251748,5,1,Sex,5,4,6.7244,1.3196,6.7126,6.7362,1.6486,0.9906
1,3,24,1,2,4,50,38,3.748251748,5,2,Sex,4,4,6.7244,1.3196,6.7126,6.7362,1.6486,0.9906
1,3,24,1,2,4,50,38,3.748251748,5,3,No_Sex,1,4,6.7244,1.3196,6.7126,6.7362,1.6486,0.9906
1,3,24,1,2,4,50,38,3.748251748,5,4,Sex,1,2,6.7244,1.3196,6.7126,6.7362,1.6486,0.9906
1,3,24,1,2,4,50,38,3.748251748,5,5,No_Sex,1,2,6.7244,1.3196,6.7126,6.7362,1.6486,0.9906
1,3,24,1,2,4,50,38,3.748251748,5,6,No_Sex,5,4,6.7244,1.3196,6.7126,6.7362,1.6486,0.9906
1,3,24,1,2,4,50,38,3.748251748,5,7,Sex,1,1,6.7244,1.3196,6.7126,6.7362,1.6486,0.9906
1,3,24,1,2,4,50,38,3.748251748,5,8,No_Sex,1,5,6.7244,1.3196,6.7126,6.7362,1.6486,0.9906
1,3,24,1,2,4,50,38,3.748251748,5,9,No_Sex,5,3,6.7244,1.3196,6.7126,6.7362,1.6486,0.9906
1,3,24,1,2,4,50,38,3.748251748,5,10,Sex,3,4,6.7244,1.3196,6.7126,6.7362,1.6486,0.9906
2,1,18,1,2,4,36,40,2.520979021,13,1,Sex,5,4,15.9614,1.0097,15.551,16.3718,0.9878,1.0316
2,1,18,1,2,4,36,40,2.520979021,13,2,Sex,4,2,15.9614,1.0097,15.551,16.3718,0.9878,1.0316
2,1,18,1,2,4,36,40,2.520979021,13,3,No_Sex,1,1,15.9614,1.0097,15.551,16.3718,0.9878,1.0316
2,1,18,1,2,4,36,40,2.520979021,13,4,Sex,1,4,15.9614,1.0097,15.551,16.3718,0.9878,1.0316
2,1,18,1,2,4,36,40,2.520979021,13,5,No_Sex,2,4,15.9614,1.0097,15.551,16.3718,0.9878,1.0316
2,1,18,1,2,4,36,40,2.520979021,13,6,No_Sex,4,3,15.9614,1.0097,15.551,16.3718,0.9878,1.0316
2,1,18,1,2,4,36,40,2.520979021,13,7,Sex,4,2,15.9614,1.0097,15.551,16.3718,0.9878,1.0316
2,1,18,1,2,4,36,40,2.520979021,13,8,No_Sex,4,5,15.9614,1.0097,15.551,16.3718,0.9878,1.0316
2,1,18,1,2,4,36,40,2.520979021,13,9,No_Sex,1,4,15.9614,1.0097,15.551,16.3718,0.9878,1.0316
2,1,18,1,2,4,36,40,2.520979021,13,10,Sex,4,5,15.9614,1.0097,15.551,16.3718,0.9878,1.0316
3,1,23,1,3,4,32,40,2.636363636,3,1,Sex,5,4,11.8483,1.1834,15.75,7.9466,1.3102,1.0566
3,1,23,1,3,4,32,40,2.636363636,3,2,Sex,2,2,11.8483,1.1834,15.75,7.9466,1.3102,1.0566
3,1,23,1,3,4,32,40,2.636363636,3,3,No_Sex,1,2,11.8483,1.1834,15.75,7.9466,1.3102,1.0566
3,1,23,1,3,4,32,40,2.636363636,3,4,Sex,1,3,11.8483,1.1834,15.75,7.9466,1.3102,1.0566
3,1,23,1,3,4,32,40,2.636363636,3,5,No_Sex,1,4,11.8483,1.1834,15.75,7.9466,1.3102,1.0566
3,1,23,1,3,4,32,40,2.636363636,3,6,No_Sex,5,4,11.8483,1.1834,15.75,7.9466,1.3102,1.0566
3,1,23,1,3,4,32,40,2.636363636,3,7,Sex,4,4,11.8483,1.1834,15.75,7.9466,1.3102,1.0566
3,1,23,1,3,4,32,40,2.636363636,3,8,No_Sex,1,4,11.8483,1.1834,15.75,7.9466,1.3102,1.0566
3,1,23,1,3,4,32,40,2.636363636,3,9,No_Sex,3,1,11.8483,1.1834,15.75,7.9466,1.3102,1.0566
3,1,23,1,3,4,32,40,2.636363636,3,10,Sex,3,1,11.8483,1.1834,15.75,7.9466,1.3102,1.0566
4,1,19,1,8,4,20,22,2.699300699,16,1,Sex,5,4,16.8652,2.1099,17.6712,16.0592,2.4152,1.8046
4,1,19,1,8,4,20,22,2.699300699,16,2,Sex,1,2,16.8652,2.1099,17.6712,16.0592,2.4152,1.8046
4,1,19,1,8,4,20,22,2.699300699,16,3,No_Sex,1,5,16.8652,2.1099,17.6712,16.0592,2.4152,1.8046
4,1,19,1,8,4,20,22,2.699300699,16,4,Sex,1,2,16.8652,2.1099,17.6712,16.0592,2.4152,1.8046
4,1,19,1,8,4,20,22,2.699300699,16,5,No_Sex,1,3,16.8652,2.1099,17.6712,16.0592,2.4152,1.8046
4,1,19,1,8,4,20,22,2.699300699,16,6,No_Sex,4,4,16.8652,2.1099,17.6712,16.0592,2.4152,1.8046
4,1,19,1,8,4,20,22,2.699300699,16,7,Sex,1,4,16.8652,2.1099,17.6712,16.0592,2.4152,1.8046
4,1,19,1,8,4,20,22,2.699300699,16,8,No_Sex,1,5,16.8652,2.1099,17.6712,16.0592,2.4152,1.8046
4,1,19,1,8,4,20,22,2.699300699,16,9,No_Sex,5,3,16.8652,2.1099,17.6712,16.0592,2.4152,1.8046
4,1,19,1,8,4,20,22,2.699300699,16,10,Sex,2,4,16.8652,2.1099,17.6712,16.0592,2.4152,1.8046
5,1,44,1,2,3,23,26,3.391608392,4,1,Sex,5,5,15.103,2.1892,13.7464,16.4596,2.0948,2.2836
5,1,44,1,2,3,23,26,3.391608392,4,2,Sex,1,4,15.103,2.1892,13.7464,16.4596,2.0948,2.2836
5,1,44,1,2,3,23,26,3.391608392,4,3,No_Sex,1,4,15.103,2.1892,13.7464,16.4596,2.0948,2.2836
5,1,44,1,2,3,23,26,3.391608392,4,4,Sex,1,4,15.103,2.1892,13.7464,16.4596,2.0948,2.2836
5,1,44,1,2,3,23,26,3.391608392,4,5,No_Sex,2,4,15.103,2.1892,13.7464,16.4596,2.0948,2.2836
5,1,44,1,2,3,23,26,3.391608392,4,6,No_Sex,1,4,15.103,2.1892,13.7464,16.4596,2.0948,2.2836
5,1,44,1,2,3,23,26,3.391608392,4,7,Sex,1,2,15.103,2.1892,13.7464,16.4596,2.0948,2.2836
5,1,44,1,2,3,23,26,3.391608392,4,8,No_Sex,2,4,15.103,2.1892,13.7464,16.4596,2.0948,2.2836
5,1,44,1,2,3,23,26,3.391608392,4,9,No_Sex,2,4,15.103,2.1892,13.7464,16.4596,2.0948,2.2836
5,1,44,1,2,3,23,26,3.391608392,4,10,Sex,1,4,15.103,2.1892,13.7464,16.4596,2.0948,2.2836
6,1,21,1,3,4,27,31,2.877622378,6,1,Sex,5,4,14.7777,2.0131,15.7862,13.7692,2.1232,1.903
6,1,21,1,3,4,27,31,2.877622378,6,2,Sex,1,3,14.7777,2.0131,15.7862,13.7692,2.1232,1.903
6,1,21,1,3,4,27,31,2.877622378,6,3,No_Sex,1,4,14.7777,2.0131,15.7862,13.7692,2.1232,1.903
6,1,21,1,3,4,27,31,2.877622378,6,4,Sex,2,2,14.7777,2.0131,15.7862,13.7692,2.1232,1.903
6,1,21,1,3,4,27,31,2.877622378,6,5,No_Sex,2,3,14.7777,2.0131,15.7862,13.7692,2.1232,1.903
6,1,21,1,3,4,27,31,2.877622378,6,6,No_Sex,4,4,14.7777,2.0131,15.7862,13.7692,2.1232,1.903
6,1,21,1,3,4,27,31,2.877622378,6,7,Sex,1,4,14.7777,2.0131,15.7862,13.7692,2.1232,1.903
6,1,21,1,3,4,27,31,2.877622378,6,8,No_Sex,4,4,14.7777,2.0131,15.7862,13.7692,2.1232,1.903
6,1,21,1,3,4,27,31,2.877622378,6,9,No_Sex,3,2,14.7777,2.0131,15.7862,13.7692,2.1232,1.903
6,1,21,1,3,4,27,31,2.877622378,6,10,Sex,1,4,14.7777,2.0131,15.7862,13.7692,2.1232,1.903
7,2,19,1,3,3,34,32,3.255244755,4,1,Sex,5,4,14.6979,1.4736,15.8744,13.5214,1.6048,1.3424
7,2,19,1,3,3,34,32,3.255244755,4,2,Sex,4,4,14.6979,1.4736,15.8744,13.5214,1.6048,1.3424
7,2,19,1,3,3,34,32,3.255244755,4,3,No_Sex,1,4,14.6979,1.4736,15.8744,13.5214,1.6048,1.3424
7,2,19,1,3,3,34,32,3.255244755,4,4,Sex,2,4,14.6979,1.4736,15.8744,13.5214,1.6048,1.3424
7,2,19,1,3,3,34,32,3.255244755,4,5,No_Sex,2,4,14.6979,1.4736,15.8744,13.5214,1.6048,1.3424
7,2,19,1,3,3,34,32,3.255244755,4,6,No_Sex,4,4,14.6979,1.4736,15.8744,13.5214,1.6048,1.3424
7,2,19,1,3,3,34,32,3.255244755,4,7,Sex,1,3,14.6979,1.4736,15.8744,13.5214,1.6048,1.3424
7,2,19,1,3,3,34,32,3.255244755,4,8,No_Sex,2,4,14.6979,1.4736,15.8744,13.5214,1.6048,1.3424
7,2,19,1,3,3,34,32,3.255244755,4,9,No_Sex,3,4,14.6979,1.4736,15.8744,13.5214,1.6048,1.3424
7,2,19,1,3,3,34,32,3.255244755,4,10,Sex,4,4,14.6979,1.4736,15.8744,13.5214,1.6048,1.3424
8,1,23,1,2,3,37,27,3.013986014,9,1,Sex,3,4,1.2799,0.9195,1.9682,0.5916,1.171,0.668
8,1,23,1,2,3,37,27,3.013986014,9,2,Sex,1,2,1.2799,0.9195,1.9682,0.5916,1.171,0.668
8,1,23,1,2,3,37,27,3.013986014,9,3,No_Sex,2,3,1.2799,0.9195,1.9682,0.5916,1.171,0.668
8,1,23,1,2,3,37,27,3.013986014,9,4,Sex,1,1,1.2799,0.9195,1.9682,0.5916,1.171,0.668
8,1,23,1,2,3,37,27,3.013986014,9,5,No_Sex,2,4,1.2799,0.9195,1.9682,0.5916,1.171,0.668
8,1,23,1,2,3,37,27,3.013986014,9,6,No_Sex,3,2,1.2799,0.9195,1.9682,0.5916,1.171,0.668
8,1,23,1,2,3,37,27,3.013986014,9,7,Sex,1,1,1.2799,0.9195,1.9682,0.5916,1.171,0.668
8,1,23,1,2,3,37,27,3.013986014,9,8,No_Sex,1,2,1.2799,0.9195,1.9682,0.5916,1.171,0.668
8,1,23,1,2,3,37,27,3.013986014,9,9,No_Sex,3,1,1.2799,0.9195,1.9682,0.5916,1.171,0.668
8,1,23,1,2,3,37,27,3.013986014,9,10,Sex,4,4,1.2799,0.9195,1.9682,0.5916,1.171,0.668
9,2,28,1,2,2,46,27,3.391608392,8,1,Sex,5,1,11.994,1.3317,8.8084,15.1796,1.5804,1.083
9,2,28,1,2,2,46,27,3.391608392,8,2,Sex,1,3,11.994,1.3317,8.8084,15.1796,1.5804,1.083
9,2,28,1,2,2,46,27,3.391608392,8,3,No_Sex,3,3,11.994,1.3317,8.8084,15.1796,1.5804,1.083
9,2,28,1,2,2,46,27,3.391608392,8,4,Sex,1,1,11.994,1.3317,8.8084,15.1796,1.5804,1.083
9,2,28,1,2,2,46,27,3.391608392,8,5,No_Sex,3,3,11.994,1.3317,8.8084,15.1796,1.5804,1.083
9,2,28,1,2,2,46,27,3.391608392,8,6,No_Sex,4,4,11.994,1.3317,8.8084,15.1796,1.5804,1.083
9,2,28,1,2,2,46,27,3.391608392,8,7,Sex,1,1,11.994,1.3317,8.8084,15.1796,1.5804,1.083
9,2,28,1,2,2,46,27,3.391608392,8,8,No_Sex,1,5,11.994,1.3317,8.8084,15.1796,1.5804,1.083
9,2,28,1,2,2,46,27,3.391608392,8,9,No_Sex,1,5,11.994,1.3317,8.8084,15.1796,1.5804,1.083
9,2,28,1,2,2,46,27,3.391608392,8,10,Sex,3,5,11.994,1.3317,8.8084,15.1796,1.5804,1.083
10,2,21,1,2,4,33,32,3.486013986,4,1,Sex,5,4,14.4509,2.1236,14.9538,13.948,2.5298,1.7174
10,2,21,1,2,4,33,32,3.486013986,4,2,Sex,4,3,14.4509,2.1236,14.9538,13.948,2.5298,1.7174
10,2,21,1,2,4,33,32,3.486013986,4,3,No_Sex,1,2,14.4509,2.1236,14.9538,13.948,2.5298,1.7174
10,2,21,1,2,4,33,32,3.486013986,4,4,Sex,1,3,14.4509,2.1236,14.9538,13.948,2.5298,1.7174
10,2,21,1,2,4,33,32,3.486013986,4,5,No_Sex,2,3,14.4509,2.1236,14.9538,13.948,2.5298,1.7174
10,2,21,1,2,4,33,32,3.486013986,4,6,No_Sex,4,4,14.4509,2.1236,14.9538,13.948,2.5298,1.7174
10,2,21,1,2,4,33,32,3.486013986,4,7,Sex,1,2,14.4509,2.1236,14.9538,13.948,2.5298,1.7174
10,2,21,1,2,4,33,32,3.486013986,4,8,No_Sex,2,3,14.4509,2.1236,14.9538,13.948,2.5298,1.7174
10,2,21,1,2,4,33,32,3.486013986,4,9,No_Sex,2,1,14.4509,2.1236,14.9538,13.948,2.5298,1.7174
10,2,21,1,2,4,33,32,3.486013986,4,10,Sex,3,4,14.4509,2.1236,14.9538,13.948,2.5298,1.7174
11,2,23,1,2,4,21,33,3.391608392,4,1,Sex,4,4,17.5783,2.168,19.3404,15.8162,2.2528,2.0832
11,2,23,1,2,4,21,33,3.391608392,4,2,Sex,2,4,17.5783,2.168,19.3404,15.8162,2.2528,2.0832
11,2,23,1,2,4,21,33,3.391608392,4,3,No_Sex,1,3,17.5783,2.168,19.3404,15.8162,2.2528,2.0832
11,2,23,1,2,4,21,33,3.391608392,4,4,Sex,1,4,17.5783,2.168,19.3404,15.8162,2.2528,2.0832
11,2,23,1,2,4,21,33,3.391608392,4,5,No_Sex,1,3,17.5783,2.168,19.3404,15.8162,2.2528,2.0832
11,2,23,1,2,4,21,33,3.391608392,4,6,No_Sex,4,4,17.5783,2.168,19.3404,15.8162,2.2528,2.0832
11,2,23,1,2,4,21,33,3.391608392,4,7,Sex,1,3,17.5783,2.168,19.3404,15.8162,2.2528,2.0832
11,2,23,1,2,4,21,33,3.391608392,4,8,No_Sex,1,4,17.5783,2.168,19.3404,15.8162,2.2528,2.0832
11,2,23,1,2,4,21,33,3.391608392,4,9,No_Sex,3,4,17.5783,2.168,19.3404,15.8162,2.2528,2.0832
11,2,23,1,2,4,21,33,3.391608392,4,10,Sex,1,4,17.5783,2.168,19.3404,15.8162,2.2528,2.0832
12,1,18,1,3,1,37,26,3.622377622,9,1,Sex,2,3,12.4984,1.2741,15.9962,9.0006,1.4502,1.098
12,1,18,1,3,1,37,26,3.622377622,9,2,Sex,3,4,12.4984,1.2741,15.9962,9.0006,1.4502,1.098
12,1,18,1,3,1,37,26,3.622377622,9,3,No_Sex,4,4,12.4984,1.2741,15.9962,9.0006,1.4502,1.098
12,1,18,1,3,1,37,26,3.622377622,9,4,Sex,2,2,12.4984,1.2741,15.9962,9.0006,1.4502,1.098
12,1,18,1,3,1,37,26,3.622377622,9,5,No_Sex,3,4,12.4984,1.2741,15.9962,9.0006,1.4502,1.098
12,1,18,1,3,1,37,26,3.622377622,9,6,No_Sex,3,3,12.4984,1.2741,15.9962,9.0006,1.4502,1.098
12,1,18,1,3,1,37,26,3.622377622,9,7,Sex,4,4,12.4984,1.2741,15.9962,9.0006,1.4502,1.098
12,1,18,1,3,1,37,26,3.622377622,9,8,No_Sex,4,3,12.4984,1.2741,15.9962,9.0006,1.4502,1.098
12,1,18,1,3,1,37,26,3.622377622,9,9,No_Sex,2,4,12.4984,1.2741,15.9962,9.0006,1.4502,1.098
12,1,18,1,3,1,37,26,3.622377622,9,10,Sex,1,1,12.4984,1.2741,15.9962,9.0006,1.4502,1.098
13,1,30,1,3,1,44,39,2.751748252,11,1,Sex,3,3,17.0431,3.7688,12.1014,21.9848,1.5424,5.9952
13,1,30,1,3,1,44,39,2.751748252,11,2,Sex,3,3,17.0431,3.7688,12.1014,21.9848,1.5424,5.9952
13,1,30,1,3,1,44,39,2.751748252,11,3,No_Sex,2,4,17.0431,3.7688,12.1014,21.9848,1.5424,5.9952
13,1,30,1,3,1,44,39,2.751748252,11,4,Sex,3,2,17.0431,3.7688,12.1014,21.9848,1.5424,5.9952
13,1,30,1,3,1,44,39,2.751748252,11,5,No_Sex,3,3,17.0431,3.7688,12.1014,21.9848,1.5424,5.9952
13,1,30,1,3,1,44,39,2.751748252,11,6,No_Sex,4,3,17.0431,3.7688,12.1014,21.9848,1.5424,5.9952
13,1,30,1,3,1,44,39,2.751748252,11,7,Sex,3,3,17.0431,3.7688,12.1014,21.9848,1.5424,5.9952
13,1,30,1,3,1,44,39,2.751748252,11,8,No_Sex,3,3,17.0431,3.7688,12.1014,21.9848,1.5424,5.9952
13,1,30,1,3,1,44,39,2.751748252,11,9,No_Sex,3,2,17.0431,3.7688,12.1014,21.9848,1.5424,5.9952
13,1,30,1,3,1,44,39,2.751748252,11,10,Sex,2,2,17.0431,3.7688,12.1014,21.9848,1.5424,5.9952
14,1,20,1,3,3,40,40,3.34965035,4,1,Sex,4,5,11.3495,1.2238,13.2724,9.4266,1.9024,0.5452
14,1,20,1,3,3,40,40,3.34965035,4,2,Sex,1,4,11.3495,1.2238,13.2724,9.4266,1.9024,0.5452
14,1,20,1,3,3,40,40,3.34965035,4,3,No_Sex,1,2,11.3495,1.2238,13.2724,9.4266,1.9024,0.5452
14,1,20,1,3,3,40,40,3.34965035,4,4,Sex,1,4,11.3495,1.2238,13.2724,9.4266,1.9024,0.5452
14,1,20,1,3,3,40,40,3.34965035,4,5,No_Sex,1,2,11.3495,1.2238,13.2724,9.4266,1.9024,0.5452
14,1,20,1,3,3,40,40,3.34965035,4,6,No_Sex,5,5,11.3495,1.2238,13.2724,9.4266,1.9024,0.5452
14,1,20,1,3,3,40,40,3.34965035,4,7,Sex,1,4,11.3495,1.2238,13.2724,9.4266,1.9024,0.5452
14,1,20,1,3,3,40,40,3.34965035,4,8,No_Sex,2,4,11.3495,1.2238,13.2724,9.4266,1.9024,0.5452
14,1,20,1,3,3,40,40,3.34965035,4,9,No_Sex,1,1,11.3495,1.2238,13.2724,9.4266,1.9024,0.5452
14,1,20,1,3,3,40,40,3.34965035,4,10,Sex,4,4,11.3495,1.2238,13.2724,9.4266,1.9024,0.5452
15,2,31,1,2,4,27,25,3.255244755,3,1,Sex,2,4,19.5674,1.8428,20.5256,18.6092,1.6248,2.0608
15,2,31,1,2,4,27,25,3.255244755,3,2,Sex,2,2,19.5674,1.8428,20.5256,18.6092,1.6248,2.0608
15,2,31,1,2,4,27,25,3.255244755,3,3,No_Sex,1,1,19.5674,1.8428,20.5256,18.6092,1.6248,2.0608
15,2,31,1,2,4,27,25,3.255244755,3,4,Sex,2,2,19.5674,1.8428,20.5256,18.6092,1.6248,2.0608
15,2,31,1,2,4,27,25,3.255244755,3,5,No_Sex,2,2,19.5674,1.8428,20.5256,18.6092,1.6248,2.0608
15,2,31,1,2,4,27,25,3.255244755,3,6,No_Sex,4,4,19.5674,1.8428,20.5256,18.6092,1.6248,2.0608
15,2,31,1,2,4,27,25,3.255244755,3,7,Sex,1,1,19.5674,1.8428,20.5256,18.6092,1.6248,2.0608
15,2,31,1,2,4,27,25,3.255244755,3,8,No_Sex,2,5,19.5674,1.8428,20.5256,18.6092,1.6248,2.0608
15,2,31,1,2,4,27,25,3.255244755,3,9,No_Sex,4,1,19.5674,1.8428,20.5256,18.6092,1.6248,2.0608
15,2,31,1,2,4,27,25,3.255244755,3,10,Sex,3,3,19.5674,1.8428,20.5256,18.6092,1.6248,2.0608
16,1,22,1,3,2,17,28,3.255244755,3,1,Sex,5,4,19.5687,1.8433,20.8652,18.2722,2.081,1.6056
16,1,22,1,3,2,17,28,3.255244755,3,2,Sex,2,3,19.5687,1.8433,20.8652,18.2722,2.081,1.6056
16,1,22,1,3,2,17,28,3.255244755,3,3,No_Sex,1,4,19.5687,1.8433,20.8652,18.2722,2.081,1.6056
16,1,22,1,3,2,17,28,3.255244755,3,4,Sex,1,5,19.5687,1.8433,20.8652,18.2722,2.081,1.6056
16,1,22,1,3,2,17,28,3.255244755,3,5,No_Sex,1,4,19.5687,1.8433,20.8652,18.2722,2.081,1.6056
16,1,22,1,3,2,17,28,3.255244755,3,6,No_Sex,2,4,19.5687,1.8433,20.8652,18.2722,2.081,1.6056
16,1,22,1,3,2,17,28,3.255244755,3,7,Sex,1,4,19.5687,1.8433,20.8652,18.2722,2.081,1.6056
16,1,22,1,3,2,17,28,3.255244755,3,8,No_Sex,1,4,19.5687,1.8433,20.8652,18.2722,2.081,1.6056
16,1,22,1,3,2,17,28,3.255244755,3,9,No_Sex,3,5,19.5687,1.8433,20.8652,18.2722,2.081,1.6056
16,1,22,1,3,2,17,28,3.255244755,3,10,Sex,1,5,19.5687,1.8433,20.8652,18.2722,2.081,1.6056
17,1,21,1,3,4,39,24,2.888111888,11,1,Sex,2,4,19.2934,2.95,17.5764,21.0104,3.2948,2.6052
17,1,21,1,3,4,39,24,2.888111888,11,2,Sex,1,3,19.2934,2.95,17.5764,21.0104,3.2948,2.6052
17,1,21,1,3,4,39,24,2.888111888,11,3,No_Sex,1,2,19.2934,2.95,17.5764,21.0104,3.2948,2.6052
17,1,21,1,3,4,39,24,2.888111888,11,4,Sex,1,2,19.2934,2.95,17.5764,21.0104,3.2948,2.6052
17,1,21,1,3,4,39,24,2.888111888,11,5,No_Sex,2,4,19.2934,2.95,17.5764,21.0104,3.2948,2.6052
17,1,21,1,3,4,39,24,2.888111888,11,6,No_Sex,2,1,19.2934,2.95,17.5764,21.0104,3.2948,2.6052
17,1,21,1,3,4,39,24,2.888111888,11,7,Sex,1,2,19.2934,2.95,17.5764,21.0104,3.2948,2.6052
17,1,21,1,3,4,39,24,2.888111888,11,8,No_Sex,1,4,19.2934,2.95,17.5764,21.0104,3.2948,2.6052
17,1,21,1,3,4,39,24,2.888111888,11,9,No_Sex,4,2,19.2934,2.95,17.5764,21.0104,3.2948,2.6052
17,1,21,1,3,4,39,24,2.888111888,11,10,Sex,1,1,19.2934,2.95,17.5764,21.0104,3.2948,2.6052
18,1,21,1,3,4,43,45,2.122377622,8,1,Sex,5,3,18.4694,1.9488,18.7532,18.1856,1.5306,2.367
18,1,21,1,3,4,43,45,2.122377622,8,2,Sex,2,3,18.4694,1.9488,18.7532,18.1856,1.5306,2.367
18,1,21,1,3,4,43,45,2.122377622,8,3,No_Sex,1,3,18.4694,1.9488,18.7532,18.1856,1.5306,2.367
18,1,21,1,3,4,43,45,2.122377622,8,4,Sex,1,2,18.4694,1.9488,18.7532,18.1856,1.5306,2.367
18,1,21,1,3,4,43,45,2.122377622,8,5,No_Sex,1,5,18.4694,1.9488,18.7532,18.1856,1.5306,2.367
18,1,21,1,3,4,43,45,2.122377622,8,6,No_Sex,5,5,18.4694,1.9488,18.7532,18.1856,1.5306,2.367
18,1,21,1,3,4,43,45,2.122377622,8,7,Sex,1,4,18.4694,1.9488,18.7532,18.1856,1.5306,2.367
18,1,21,1,3,4,43,45,2.122377622,8,8,No_Sex,2,4,18.4694,1.9488,18.7532,18.1856,1.5306,2.367
18,1,21,1,3,4,43,45,2.122377622,8,9,No_Sex,2,2,18.4694,1.9488,18.7532,18.1856,1.5306,2.367
18,1,21,1,3,4,43,45,2.122377622,8,10,Sex,4,4,18.4694,1.9488,18.7532,18.1856,1.5306,2.367
19,2,34,1,3,4,30,29,3.685314685,5,1,Sex,5,4,18.7081,1.545,21.9036,15.5126,1.5982,1.4918
19,2,34,1,3,4,30,29,3.685314685,5,2,Sex,2,3,18.7081,1.545,21.9036,15.5126,1.5982,1.4918
19,2,34,1,3,4,30,29,3.685314685,5,3,No_Sex,1,4,18.7081,1.545,21.9036,15.5126,1.5982,1.4918
19,2,34,1,3,4,30,29,3.685314685,5,4,Sex,1,3,18.7081,1.545,21.9036,15.5126,1.5982,1.4918
19,2,34,1,3,4,30,29,3.685314685,5,5,No_Sex,1,3,18.7081,1.545,21.9036,15.5126,1.5982,1.4918
19,2,34,1,3,4,30,29,3.685314685,5,6,No_Sex,4,3,18.7081,1.545,21.9036,15.5126,1.5982,1.4918
19,2,34,1,3,4,30,29,3.685314685,5,7,Sex,1,4,18.7081,1.545,21.9036,15.5126,1.5982,1.4918
19,2,34,1,3,4,30,29,3.685314685,5,8,No_Sex,1,4,18.7081,1.545,21.9036,15.5126,1.5982,1.4918
19,2,34,1,3,4,30,29,3.685314685,5,9,No_Sex,3,3,18.7081,1.545,21.9036,15.5126,1.5982,1.4918
19,2,34,1,3,4,30,29,3.685314685,5,10,Sex,2,3,18.7081,1.545,21.9036,15.5126,1.5982,1.4918
20,1,31,1,3,1,37,34,2.751748252,10,1,Sex,2,4,7.3443,2.4193,7.3232,7.3654,2.313,2.5256
20,1,31,1,3,1,37,34,2.751748252,10,2,Sex,1,2,7.3443,2.4193,7.3232,7.3654,2.313,2.5256
20,1,31,1,3,1,37,34,2.751748252,10,3,No_Sex,1,4,7.3443,2.4193,7.3232,7.3654,2.313,2.5256
20,1,31,1,3,1,37,34,2.751748252,10,4,Sex,1,4,7.3443,2.4193,7.3232,7.3654,2.313,2.5256
20,1,31,1,3,1,37,34,2.751748252,10,5,No_Sex,1,4,7.3443,2.4193,7.3232,7.3654,2.313,2.5256
20,1,31,1,3,1,37,34,2.751748252,10,6,No_Sex,2,4,7.3443,2.4193,7.3232,7.3654,2.313,2.5256
20,1,31,1,3,1,37,34,2.751748252,10,7,Sex,1,2,7.3443,2.4193,7.3232,7.3654,2.313,2.5256
20,1,31,1,3,1,37,34,2.751748252,10,8,No_Sex,1,4,7.3443,2.4193,7.3232,7.3654,2.313,2.5256
20,1,31,1,3,1,37,34,2.751748252,10,9,No_Sex,4,4,7.3443,2.4193,7.3232,7.3654,2.313,2.5256
20,1,31,1,3,1,37,34,2.751748252,10,10,Sex,1,4,7.3443,2.4193,7.3232,7.3654,2.313,2.5256
21,1,21,1,1,3,40,29,3.286713287,10,1,Sex,5,4,14.8684,2.0033,15.589,14.1478,2.2726,1.734
21,1,21,1,1,3,40,29,3.286713287,10,2,Sex,4,2,14.8684,2.0033,15.589,14.1478,2.2726,1.734
21,1,21,1,1,3,40,29,3.286713287,10,3,No_Sex,1,4,14.8684,2.0033,15.589,14.1478,2.2726,1.734
21,1,21,1,1,3,40,29,3.286713287,10,4,Sex,1,2,14.8684,2.0033,15.589,14.1478,2.2726,1.734
21,1,21,1,1,3,40,29,3.286713287,10,5,No_Sex,3,3,14.8684,2.0033,15.589,14.1478,2.2726,1.734
21,1,21,1,1,3,40,29,3.286713287,10,6,No_Sex,4,4,14.8684,2.0033,15.589,14.1478,2.2726,1.734
21,1,21,1,1,3,40,29,3.286713287,10,7,Sex,1,1,14.8684,2.0033,15.589,14.1478,2.2726,1.734
21,1,21,1,1,3,40,29,3.286713287,10,8,No_Sex,4,4,14.8684,2.0033,15.589,14.1478,2.2726,1.734
21,1,21,1,1,3,40,29,3.286713287,10,9,No_Sex,4,3,14.8684,2.0033,15.589,14.1478,2.2726,1.734
21,1,21,1,1,3,40,29,3.286713287,10,10,Sex,1,2,14.8684,2.0033,15.589,14.1478,2.2726,1.734
22,1,22,1,3,4,36,28,3.653846154,7,1,Sex,4,5,21.1786,2.6389,27.1992,15.158,3.2652,2.0126
22,1,22,1,3,4,36,28,3.653846154,7,2,Sex,2,4,21.1786,2.6389,27.1992,15.158,3.2652,2.0126
22,1,22,1,3,4,36,28,3.653846154,7,3,No_Sex,1,3,21.1786,2.6389,27.1992,15.158,3.2652,2.0126
22,1,22,1,3,4,36,28,3.653846154,7,4,Sex,2,4,21.1786,2.6389,27.1992,15.158,3.2652,2.0126
22,1,22,1,3,4,36,28,3.653846154,7,5,No_Sex,1,5,21.1786,2.6389,27.1992,15.158,3.2652,2.0126
22,1,22,1,3,4,36,28,3.653846154,7,6,No_Sex,5,4,21.1786,2.6389,27.1992,15.158,3.2652,2.0126
22,1,22,1,3,4,36,28,3.653846154,7,7,Sex,4,4,21.1786,2.6389,27.1992,15.158,3.2652,2.0126
22,1,22,1,3,4,36,28,3.653846154,7,8,No_Sex,1,3,21.1786,2.6389,27.1992,15.158,3.2652,2.0126
22,1,22,1,3,4,36,28,3.653846154,7,9,No_Sex,1,2,21.1786,2.6389,27.1992,15.158,3.2652,2.0126
22,1,22,1,3,4,36,28,3.653846154,7,10,Sex,1,3,21.1786,2.6389,27.1992,15.158,3.2652,2.0126
23,2,23,1,2,3,32,30,3.097902098,7,1,Sex,5,5,23.5476,1.6146,26.1852,20.91,1.7634,1.4658
23,2,23,1,2,3,32,30,3.097902098,7,2,Sex,2,5,23.5476,1.6146,26.1852,20.91,1.7634,1.4658
23,2,23,1,2,3,32,30,3.097902098,7,3,No_Sex,1,4,23.5476,1.6146,26.1852,20.91,1.7634,1.4658
23,2,23,1,2,3,32,30,3.097902098,7,4,Sex,1,2,23.5476,1.6146,26.1852,20.91,1.7634,1.4658
23,2,23,1,2,3,32,30,3.097902098,7,5,No_Sex,1,2,23.5476,1.6146,26.1852,20.91,1.7634,1.4658
23,2,23,1,2,3,32,30,3.097902098,7,6,No_Sex,4,4,23.5476,1.6146,26.1852,20.91,1.7634,1.4658
23,2,23,1,2,3,32,30,3.097902098,7,7,Sex,1,1,23.5476,1.6146,26.1852,20.91,1.7634,1.4658
23,2,23,1,2,3,32,30,3.097902098,7,8,No_Sex,1,1,23.5476,1.6146,26.1852,20.91,1.7634,1.4658
23,2,23,1,2,3,32,30,3.097902098,7,9,No_Sex,4,1,23.5476,1.6146,26.1852,20.91,1.7634,1.4658
23,2,23,1,2,3,32,30,3.097902098,7,10,Sex,1,4,23.5476,1.6146,26.1852,20.91,1.7634,1.4658
24,1,29,1,2,5,24,29,3.108391608,8,1,Sex,5,4,20.3118,2.7988,20.666,19.9576,3.31,2.2876
24,1,29,1,2,5,24,29,3.108391608,8,2,Sex,2,4,20.3118,2.7988,20.666,19.9576,3.31,2.2876
24,1,29,1,2,5,24,29,3.108391608,8,3,No_Sex,1,4,20.3118,2.7988,20.666,19.9576,3.31,2.2876
24,1,29,1,2,5,24,29,3.108391608,8,4,Sex,2,4,20.3118,2.7988,20.666,19.9576,3.31,2.2876
24,1,29,1,2,5,24,29,3.108391608,8,5,No_Sex,2,3,20.3118,2.7988,20.666,19.9576,3.31,2.2876
24,1,29,1,2,5,24,29,3.108391608,8,6,No_Sex,4,4,20.3118,2.7988,20.666,19.9576,3.31,2.2876
24,1,29,1,2,5,24,29,3.108391608,8,7,Sex,1,4,20.3118,2.7988,20.666,19.9576,3.31,2.2876
24,1,29,1,2,5,24,29,3.108391608,8,8,No_Sex,3,4,20.3118,2.7988,20.666,19.9576,3.31,2.2876
24,1,29,1,2,5,24,29,3.108391608,8,9,No_Sex,5,4,20.3118,2.7988,20.666,19.9576,3.31,2.2876
24,1,29,1,2,5,24,29,3.108391608,8,10,Sex,4,4,20.3118,2.7988,20.666,19.9576,3.31,2.2876
25,1,21,1,3,3,52,33,2.751748252,6,1,Sex,4,4,24.6384,1.6542,26.5664,22.7104,1.785,1.5234
25,1,21,1,3,3,52,33,2.751748252,6,2,Sex,3,2,24.6384,1.6542,26.5664,22.7104,1.785,1.5234
25,1,21,1,3,3,52,33,2.751748252,6,3,No_Sex,4,4,24.6384,1.6542,26.5664,22.7104,1.785,1.5234
25,1,21,1,3,3,52,33,2.751748252,6,4,Sex,3,3,24.6384,1.6542,26.5664,22.7104,1.785,1.5234
25,1,21,1,3,3,52,33,2.751748252,6,5,No_Sex,2,2,24.6384,1.6542,26.5664,22.7104,1.785,1.5234
25,1,21,1,3,3,52,33,2.751748252,6,6,No_Sex,2,3,24.6384,1.6542,26.5664,22.7104,1.785,1.5234
25,1,21,1,3,3,52,33,2.751748252,6,7,Sex,2,3,24.6384,1.6542,26.5664,22.7104,1.785,1.5234
25,1,21,1,3,3,52,33,2.751748252,6,8,No_Sex,3,3,24.6384,1.6542,26.5664,22.7104,1.785,1.5234
25,1,21,1,3,3,52,33,2.751748252,6,9,No_Sex,2,4,24.6384,1.6542,26.5664,22.7104,1.785,1.5234
25,1,21,1,3,3,52,33,2.751748252,6,10,Sex,4,4,24.6384,1.6542,26.5664,22.7104,1.785,1.5234
26,1,22,3,3,3,41,34,3.402097902,4,1,Sex,2,4,22.24,1.75,23.1954,21.2846,1.9272,1.5728
26,1,22,3,3,3,41,34,3.402097902,4,2,Sex,1,2,22.24,1.75,23.1954,21.2846,1.9272,1.5728
26,1,22,3,3,3,41,34,3.402097902,4,3,No_Sex,1,3,22.24,1.75,23.1954,21.2846,1.9272,1.5728
26,1,22,3,3,3,41,34,3.402097902,4,4,Sex,1,4,22.24,1.75,23.1954,21.2846,1.9272,1.5728
26,1,22,3,3,3,41,34,3.402097902,4,5,No_Sex,1,4,22.24,1.75,23.1954,21.2846,1.9272,1.5728
26,1,22,3,3,3,41,34,3.402097902,4,6,No_Sex,3,4,22.24,1.75,23.1954,21.2846,1.9272,1.5728
26,1,22,3,3,3,41,34,3.402097902,4,7,Sex,1,3,22.24,1.75,23.1954,21.2846,1.9272,1.5728
26,1,22,3,3,3,41,34,3.402097902,4,8,No_Sex,1,5,22.24,1.75,23.1954,21.2846,1.9272,1.5728
26,1,22,3,3,3,41,34,3.402097902,4,9,No_Sex,3,3,22.24,1.75,23.1954,21.2846,1.9272,1.5728
26,1,22,3,3,3,41,34,3.402097902,4,10,Sex,3,4,22.24,1.75,23.1954,21.2846,1.9272,1.5728
27,1,29,1,3,3,32,30,3.307692308,6,1,Sex,4,4,24.8405,2.2131,31.7176,17.9634,2.389,2.0372
27,1,29,1,3,3,32,30,3.307692308,6,2,Sex,1,4,24.8405,2.2131,31.7176,17.9634,2.389,2.0372
27,1,29,1,3,3,32,30,3.307692308,6,3,No_Sex,1,3,24.8405,2.2131,31.7176,17.9634,2.389,2.0372
27,1,29,1,3,3,32,30,3.307692308,6,4,Sex,2,5,24.8405,2.2131,31.7176,17.9634,2.389,2.0372
27,1,29,1,3,3,32,30,3.307692308,6,5,No_Sex,1,4,24.8405,2.2131,31.7176,17.9634,2.389,2.0372
27,1,29,1,3,3,32,30,3.307692308,6,6,No_Sex,5,4,24.8405,2.2131,31.7176,17.9634,2.389,2.0372
27,1,29,1,3,3,32,30,3.307692308,6,7,Sex,1,2,24.8405,2.2131,31.7176,17.9634,2.389,2.0372
27,1,29,1,3,3,32,30,3.307692308,6,8,No_Sex,1,4,24.8405,2.2131,31.7176,17.9634,2.389,2.0372
27,1,29,1,3,3,32,30,3.307692308,6,9,No_Sex,4,1,24.8405,2.2131,31.7176,17.9634,2.389,2.0372
27,1,29,1,3,3,32,30,3.307692308,6,10,Sex,2,3,24.8405,2.2131,31.7176,17.9634,2.389,2.0372
28,2,27,1,3,5,30,37,3.685314685,6,1,Sex,5,4,12.2395,1.4874,11.1704,13.3086,2.065,0.9098
28,2,27,1,3,5,30,37,3.685314685,6,2,Sex,4,4,12.2395,1.4874,11.1704,13.3086,2.065,0.9098
28,2,27,1,3,5,30,37,3.685314685,6,3,No_Sex,1,3,12.2395,1.4874,11.1704,13.3086,2.065,0.9098
28,2,27,1,3,5,30,37,3.685314685,6,4,Sex,1,4,12.2395,1.4874,11.1704,13.3086,2.065,0.9098
28,2,27,1,3,5,30,37,3.685314685,6,5,No_Sex,1,4,12.2395,1.4874,11.1704,13.3086,2.065,0.9098
28,2,27,1,3,5,30,37,3.685314685,6,6,No_Sex,5,4,12.2395,1.4874,11.1704,13.3086,2.065,0.9098
28,2,27,1,3,5,30,37,3.685314685,6,7,Sex,1,4,12.2395,1.4874,11.1704,13.3086,2.065,0.9098
28,2,27,1,3,5,30,37,3.685314685,6,8,No_Sex,2,4,12.2395,1.4874,11.1704,13.3086,2.065,0.9098
28,2,27,1,3,5,30,37,3.685314685,6,9,No_Sex,4,3,12.2395,1.4874,11.1704,13.3086,2.065,0.9098
28,2,27,1,3,5,30,37,3.685314685,6,10,Sex,1,5,12.2395,1.4874,11.1704,13.3086,2.065,0.9098
29,2,36,1,8,6,44,32,3.108391608,6,1,Sex,3,4,25.5765,1.5375,20.575,30.578,1.9974,1.0776
29,2,36,1,8,6,44,32,3.108391608,6,2,Sex,4,5,25.5765,1.5375,20.575,30.578,1.9974,1.0776
29,2,36,1,8,6,44,32,3.108391608,6,3,No_Sex,5,4,25.5765,1.5375,20.575,30.578,1.9974,1.0776
29,2,36,1,8,6,44,32,3.108391608,6,4,Sex,3,4,25.5765,1.5375,20.575,30.578,1.9974,1.0776
29,2,36,1,8,6,44,32,3.108391608,6,5,No_Sex,3,4,25.5765,1.5375,20.575,30.578,1.9974,1.0776
29,2,36,1,8,6,44,32,3.108391608,6,6,No_Sex,2,3,25.5765,1.5375,20.575,30.578,1.9974,1.0776
29,2,36,1,8,6,44,32,3.108391608,6,7,Sex,4,4,25.5765,1.5375,20.575,30.578,1.9974,1.0776
29,2,36,1,8,6,44,32,3.108391608,6,8,No_Sex,2,2,25.5765,1.5375,20.575,30.578,1.9974,1.0776
29,2,36,1,8,6,44,32,3.108391608,6,9,No_Sex,3,3,25.5765,1.5375,20.575,30.578,1.9974,1.0776
29,2,36,1,8,6,44,32,3.108391608,6,10,Sex,3,3,25.5765,1.5375,20.575,30.578,1.9974,1.0776
30,1,19,1,3,3,39,25,3.454545455,4,1,Sex,2,5,31.4814,2.5984,32.3784,30.5844,3.2394,1.9574
30,1,19,1,3,3,39,25,3.454545455,4,2,Sex,1,2,31.4814,2.5984,32.3784,30.5844,3.2394,1.9574
30,1,19,1,3,3,39,25,3.454545455,4,3,No_Sex,1,4,31.4814,2.5984,32.3784,30.5844,3.2394,1.9574
30,1,19,1,3,3,39,25,3.454545455,4,4,Sex,2,2,31.4814,2.5984,32.3784,30.5844,3.2394,1.9574
30,1,19,1,3,3,39,25,3.454545455,4,5,No_Sex,1,3,31.4814,2.5984,32.3784,30.5844,3.2394,1.9574
30,1,19,1,3,3,39,25,3.454545455,4,6,No_Sex,4,4,31.4814,2.5984,32.3784,30.5844,3.2394,1.9574
30,1,19,1,3,3,39,25,3.454545455,4,7,Sex,2,2,31.4814,2.5984,32.3784,30.5844,3.2394,1.9574
30,1,19,1,3,3,39,25,3.454545455,4,8,No_Sex,2,4,31.4814,2.5984,32.3784,30.5844,3.2394,1.9574
30,1,19,1,3,3,39,25,3.454545455,4,9,No_Sex,4,2,31.4814,2.5984,32.3784,30.5844,3.2394,1.9574
30,1,19,1,3,3,39,25,3.454545455,4,10,Sex,5,5,31.4814,2.5984,32.3784,30.5844,3.2394,1.9574
31,2,25,1,2,4,38,27,3.108391608,5,1,Sex,5,5,12.2346,0.8173,21.9174,2.5518,0.8948,0.7398
31,2,25,1,2,4,38,27,3.108391608,5,2,Sex,4,5,12.2346,0.8173,21.9174,2.5518,0.8948,0.7398
31,2,25,1,2,4,38,27,3.108391608,5,3,No_Sex,1,4,12.2346,0.8173,21.9174,2.5518,0.8948,0.7398
31,2,25,1,2,4,38,27,3.108391608,5,4,Sex,1,4,12.2346,0.8173,21.9174,2.5518,0.8948,0.7398
31,2,25,1,2,4,38,27,3.108391608,5,5,No_Sex,2,4,12.2346,0.8173,21.9174,2.5518,0.8948,0.7398
31,2,25,1,2,4,38,27,3.108391608,5,6,No_Sex,5,4,12.2346,0.8173,21.9174,2.5518,0.8948,0.7398
31,2,25,1,2,4,38,27,3.108391608,5,7,Sex,2,3,12.2346,0.8173,21.9174,2.5518,0.8948,0.7398
31,2,25,1,2,4,38,27,3.108391608,5,8,No_Sex,1,5,12.2346,0.8173,21.9174,2.5518,0.8948,0.7398
31,2,25,1,2,4,38,27,3.108391608,5,9,No_Sex,4,4,12.2346,0.8173,21.9174,2.5518,0.8948,0.7398
31,2,25,1,2,4,38,27,3.108391608,5,10,Sex,4,5,12.2346,0.8173,21.9174,2.5518,0.8948,0.7398
32,1,20,1,3,4,32,36,2.804195804,8,1,Sex,4,3,28.7399,1.2656,18.7078,38.772,1.5728,0.9584
32,1,20,1,3,4,32,36,2.804195804,8,2,Sex,3,4,28.7399,1.2656,18.7078,38.772,1.5728,0.9584
32,1,20,1,3,4,32,36,2.804195804,8,3,No_Sex,2,5,28.7399,1.2656,18.7078,38.772,1.5728,0.9584
32,1,20,1,3,4,32,36,2.804195804,8,4,Sex,1,1,28.7399,1.2656,18.7078,38.772,1.5728,0.9584
32,1,20,1,3,4,32,36,2.804195804,8,5,No_Sex,1,4,28.7399,1.2656,18.7078,38.772,1.5728,0.9584
32,1,20,1,3,4,32,36,2.804195804,8,6,No_Sex,3,3,28.7399,1.2656,18.7078,38.772,1.5728,0.9584
32,1,20,1,3,4,32,36,2.804195804,8,7,Sex,1,4,28.7399,1.2656,18.7078,38.772,1.5728,0.9584
32,1,20,1,3,4,32,36,2.804195804,8,8,No_Sex,3,4,28.7399,1.2656,18.7078,38.772,1.5728,0.9584
32,1,20,1,3,4,32,36,2.804195804,8,9,No_Sex,4,1,28.7399,1.2656,18.7078,38.772,1.5728,0.9584
32,1,20,1,3,4,32,36,2.804195804,8,10,Sex,3,5,28.7399,1.2656,18.7078,38.772,1.5728,0.9584
33,1,25,1,2,4,37,39,2.888111888,12,1,Sex,4,4,24.3713,1.8185,19.4824,29.2602,1.7982,1.8388
33,1,25,1,2,4,37,39,2.888111888,12,2,Sex,2,2,24.3713,1.8185,19.4824,29.2602,1.7982,1.8388
33,1,25,1,2,4,37,39,2.888111888,12,3,No_Sex,1,2,24.3713,1.8185,19.4824,29.2602,1.7982,1.8388
33,1,25,1,2,4,37,39,2.888111888,12,4,Sex,1,3,24.3713,1.8185,19.4824,29.2602,1.7982,1.8388
33,1,25,1,2,4,37,39,2.888111888,12,5,No_Sex,1,1,24.3713,1.8185,19.4824,29.2602,1.7982,1.8388
33,1,25,1,2,4,37,39,2.888111888,12,6,No_Sex,4,2,24.3713,1.8185,19.4824,29.2602,1.7982,1.8388
33,1,25,1,2,4,37,39,2.888111888,12,7,Sex,1,1,24.3713,1.8185,19.4824,29.2602,1.7982,1.8388
33,1,25,1,2,4,37,39,2.888111888,12,8,No_Sex,1,4,24.3713,1.8185,19.4824,29.2602,1.7982,1.8388
33,1,25,1,2,4,37,39,2.888111888,12,9,No_Sex,4,3,24.3713,1.8185,19.4824,29.2602,1.7982,1.8388
33,1,25,1,2,4,37,39,2.888111888,12,10,Sex,3,5,24.3713,1.8185,19.4824,29.2602,1.7982,1.8388
34,1,20,1,3,3,37,27,3.171328671,3,1,Sex,5,4,20.7523,1.8856,23.3692,18.1354,2.5334,1.2378
34,1,20,1,3,3,37,27,3.171328671,3,2,Sex,1,3,20.7523,1.8856,23.3692,18.1354,2.5334,1.2378
34,1,20,1,3,3,37,27,3.171328671,3,3,No_Sex,1,2,20.7523,1.8856,23.3692,18.1354,2.5334,1.2378
34,1,20,1,3,3,37,27,3.171328671,3,4,Sex,1,4,20.7523,1.8856,23.3692,18.1354,2.5334,1.2378
34,1,20,1,3,3,37,27,3.171328671,3,5,No_Sex,1,4,20.7523,1.8856,23.3692,18.1354,2.5334,1.2378
34,1,20,1,3,3,37,27,3.171328671,3,6,No_Sex,4,4,20.7523,1.8856,23.3692,18.1354,2.5334,1.2378
34,1,20,1,3,3,37,27,3.171328671,3,7,Sex,1,3,20.7523,1.8856,23.3692,18.1354,2.5334,1.2378
34,1,20,1,3,3,37,27,3.171328671,3,8,No_Sex,1,4,20.7523,1.8856,23.3692,18.1354,2.5334,1.2378
34,1,20,1,3,3,37,27,3.171328671,3,9,No_Sex,4,2,20.7523,1.8856,23.3692,18.1354,2.5334,1.2378
34,1,20,1,3,3,37,27,3.171328671,3,10,Sex,2,3,20.7523,1.8856,23.3692,18.1354,2.5334,1.2378
35,1,41,1,2,4,45,36,3.129370629,4,1,Sex,5,4,31.1764,1.9985,31.7022,30.6506,2.3602,1.6368
35,1,41,1,2,4,45,36,3.129370629,4,2,Sex,4,4,31.1764,1.9985,31.7022,30.6506,2.3602,1.6368
35,1,41,1,2,4,45,36,3.129370629,4,3,No_Sex,1,3,31.1764,1.9985,31.7022,30.6506,2.3602,1.6368
35,1,41,1,2,4,45,36,3.129370629,4,4,Sex,3,4,31.1764,1.9985,31.7022,30.6506,2.3602,1.6368
35,1,41,1,2,4,45,36,3.129370629,4,5,No_Sex,1,4,31.1764,1.9985,31.7022,30.6506,2.3602,1.6368
35,1,41,1,2,4,45,36,3.129370629,4,6,No_Sex,5,4,31.1764,1.9985,31.7022,30.6506,2.3602,1.6368
35,1,41,1,2,4,45,36,3.129370629,4,7,Sex,4,3,31.1764,1.9985,31.7022,30.6506,2.3602,1.6368
35,1,41,1,2,4,45,36,3.129370629,4,8,No_Sex,1,4,31.1764,1.9985,31.7022,30.6506,2.3602,1.6368
35,1,41,1,2,4,45,36,3.129370629,4,9,No_Sex,4,2,31.1764,1.9985,31.7022,30.6506,2.3602,1.6368
35,1,41,1,2,4,45,36,3.129370629,4,10,Sex,3,4,31.1764,1.9985,31.7022,30.6506,2.3602,1.6368
36,1,18,2,2,4,44,29,2.961538462,13,1,Sex,4,3,16.8161,1.6308,9.3608,24.2714,2.0828,1.1788
36,1,18,2,2,4,44,29,2.961538462,13,2,Sex,2,2,16.8161,1.6308,9.3608,24.2714,2.0828,1.1788
36,1,18,2,2,4,44,29,2.961538462,13,3,No_Sex,1,4,16.8161,1.6308,9.3608,24.2714,2.0828,1.1788
36,1,18,2,2,4,44,29,2.961538462,13,4,Sex,3,4,16.8161,1.6308,9.3608,24.2714,2.0828,1.1788
36,1,18,2,2,4,44,29,2.961538462,13,5,No_Sex,1,4,16.8161,1.6308,9.3608,24.2714,2.0828,1.1788
36,1,18,2,2,4,44,29,2.961538462,13,6,No_Sex,4,3,16.8161,1.6308,9.3608,24.2714,2.0828,1.1788
36,1,18,2,2,4,44,29,2.961538462,13,7,Sex,2,2,16.8161,1.6308,9.3608,24.2714,2.0828,1.1788
36,1,18,2,2,4,44,29,2.961538462,13,8,No_Sex,1,5,16.8161,1.6308,9.3608,24.2714,2.0828,1.1788
36,1,18,2,2,4,44,29,2.961538462,13,9,No_Sex,2,2,16.8161,1.6308,9.3608,24.2714,2.0828,1.1788
36,1,18,2,2,4,44,29,2.961538462,13,10,Sex,4,3,16.8161,1.6308,9.3608,24.2714,2.0828,1.1788
37,1,23,4,7,5,32,34,2.993006993,6,1,Sex,2,4,39.9003,2.2967,18.3004,61.5002,2.5962,1.9972
37,1,23,4,7,5,32,34,2.993006993,6,2,Sex,1,5,39.9003,2.2967,18.3004,61.5002,2.5962,1.9972
37,1,23,4,7,5,32,34,2.993006993,6,3,No_Sex,1,4,39.9003,2.2967,18.3004,61.5002,2.5962,1.9972
37,1,23,4,7,5,32,34,2.993006993,6,4,Sex,1,3,39.9003,2.2967,18.3004,61.5002,2.5962,1.9972
37,1,23,4,7,5,32,34,2.993006993,6,5,No_Sex,2,2,39.9003,2.2967,18.3004,61.5002,2.5962,1.9972
37,1,23,4,7,5,32,34,2.993006993,6,6,No_Sex,3,3,39.9003,2.2967,18.3004,61.5002,2.5962,1.9972
37,1,23,4,7,5,32,34,2.993006993,6,7,Sex,1,2,39.9003,2.2967,18.3004,61.5002,2.5962,1.9972
37,1,23,4,7,5,32,34,2.993006993,6,8,No_Sex,1,5,39.9003,2.2967,18.3004,61.5002,2.5962,1.9972
37,1,23,4,7,5,32,34,2.993006993,6,9,No_Sex,5,2,39.9003,2.2967,18.3004,61.5002,2.5962,1.9972
37,1,23,4,7,5,32,34,2.993006993,6,10,Sex,2,4,39.9003,2.2967,18.3004,61.5002,2.5962,1.9972
38,1,35,1,2,5,56,33,2.426573427,8,1,Sex,4,4,21.032,1.1217,21.6752,20.3888,1.156,1.0874
38,1,35,1,2,5,56,33,2.426573427,8,2,Sex,2,4,21.032,1.1217,21.6752,20.3888,1.156,1.0874
38,1,35,1,2,5,56,33,2.426573427,8,3,No_Sex,2,3,21.032,1.1217,21.6752,20.3888,1.156,1.0874
38,1,35,1,2,5,56,33,2.426573427,8,4,Sex,2,4,21.032,1.1217,21.6752,20.3888,1.156,1.0874
38,1,35,1,2,5,56,33,2.426573427,8,5,No_Sex,1,3,21.032,1.1217,21.6752,20.3888,1.156,1.0874
38,1,35,1,2,5,56,33,2.426573427,8,6,No_Sex,4,4,21.032,1.1217,21.6752,20.3888,1.156,1.0874
38,1,35,1,2,5,56,33,2.426573427,8,7,Sex,4,4,21.032,1.1217,21.6752,20.3888,1.156,1.0874
38,1,35,1,2,5,56,33,2.426573427,8,8,No_Sex,4,4,21.032,1.1217,21.6752,20.3888,1.156,1.0874
38,1,35,1,2,5,56,33,2.426573427,8,9,No_Sex,4,4,21.032,1.1217,21.6752,20.3888,1.156,1.0874
38,1,35,1,2,5,56,33,2.426573427,8,10,Sex,2,4,21.032,1.1217,21.6752,20.3888,1.156,1.0874
39,2,32,1,3,3,33,29,3.402097902,3,1,Sex,4,3,31.2731,1.6801,27.7274,34.8188,2.1486,1.2116
39,2,32,1,3,3,33,29,3.402097902,3,2,Sex,1,4,31.2731,1.6801,27.7274,34.8188,2.1486,1.2116
39,2,32,1,3,3,33,29,3.402097902,3,3,No_Sex,1,3,31.2731,1.6801,27.7274,34.8188,2.1486,1.2116
39,2,32,1,3,3,33,29,3.402097902,3,4,Sex,1,2,31.2731,1.6801,27.7274,34.8188,2.1486,1.2116
39,2,32,1,3,3,33,29,3.402097902,3,5,No_Sex,1,3,31.2731,1.6801,27.7274,34.8188,2.1486,1.2116
39,2,32,1,3,3,33,29,3.402097902,3,6,No_Sex,3,2,31.2731,1.6801,27.7274,34.8188,2.1486,1.2116
39,2,32,1,3,3,33,29,3.402097902,3,7,Sex,1,2,31.2731,1.6801,27.7274,34.8188,2.1486,1.2116
39,2,32,1,3,3,33,29,3.402097902,3,8,No_Sex,1,4,31.2731,1.6801,27.7274,34.8188,2.1486,1.2116
39,2,32,1,3,3,33,29,3.402097902,3,9,No_Sex,2,3,31.2731,1.6801,27.7274,34.8188,2.1486,1.2116
39,2,32,1,3,3,33,29,3.402097902,3,10,Sex,3,2,31.2731,1.6801,27.7274,34.8188,2.1486,1.2116
40,2,38,1,3,3,43,23,3.307692308,7,1,Sex,4,4,30.331,2.4311,26.7366,33.9254,2.7116,2.1506
40,2,38,1,3,3,43,23,3.307692308,7,2,Sex,3,4,30.331,2.4311,26.7366,33.9254,2.7116,2.1506
40,2,38,1,3,3,43,23,3.307692308,7,3,No_Sex,2,4,30.331,2.4311,26.7366,33.9254,2.7116,2.1506
40,2,38,1,3,3,43,23,3.307692308,7,4,Sex,1,4,30.331,2.4311,26.7366,33.9254,2.7116,2.1506
40,2,38,1,3,3,43,23,3.307692308,7,5,No_Sex,1,4,30.331,2.4311,26.7366,33.9254,2.7116,2.1506
40,2,38,1,3,3,43,23,3.307692308,7,6,No_Sex,4,4,30.331,2.4311,26.7366,33.9254,2.7116,2.1506
40,2,38,1,3,3,43,23,3.307692308,7,7,Sex,1,4,30.331,2.4311,26.7366,33.9254,2.7116,2.1506
40,2,38,1,3,3,43,23,3.307692308,7,8,No_Sex,1,4,30.331,2.4311,26.7366,33.9254,2.7116,2.1506
40,2,38,1,3,3,43,23,3.307692308,7,9,No_Sex,1,4,30.331,2.4311,26.7366,33.9254,2.7116,2.1506
40,2,38,1,3,3,43,23,3.307692308,7,10,Sex,4,4,30.331,2.4311,26.7366,33.9254,2.7116,2.1506
41,2,24,2,3,3,41,28,3.454545455,6,1,Sex,4,4,17.7835,1.9016,12.4556,23.1114,1.7494,2.0538
41,2,24,2,3,3,41,28,3.454545455,6,2,Sex,1,3,17.7835,1.9016,12.4556,23.1114,1.7494,2.0538
41,2,24,2,3,3,41,28,3.454545455,6,3,No_Sex,1,3,17.7835,1.9016,12.4556,23.1114,1.7494,2.0538
41,2,24,2,3,3,41,28,3.454545455,6,4,Sex,2,4,17.7835,1.9016,12.4556,23.1114,1.7494,2.0538
41,2,24,2,3,3,41,28,3.454545455,6,5,No_Sex,2,4,17.7835,1.9016,12.4556,23.1114,1.7494,2.0538
41,2,24,2,3,3,41,28,3.454545455,6,6,No_Sex,2,4,17.7835,1.9016,12.4556,23.1114,1.7494,2.0538
41,2,24,2,3,3,41,28,3.454545455,6,7,Sex,2,4,17.7835,1.9016,12.4556,23.1114,1.7494,2.0538
41,2,24,2,3,3,41,28,3.454545455,6,8,No_Sex,2,4,17.7835,1.9016,12.4556,23.1114,1.7494,2.0538
41,2,24,2,3,3,41,28,3.454545455,6,9,No_Sex,3,2,17.7835,1.9016,12.4556,23.1114,1.7494,2.0538
41,2,24,2,3,3,41,28,3.454545455,6,10,Sex,2,4,17.7835,1.9016,12.4556,23.1114,1.7494,2.0538
42,1,22,1,3,4,39,33,3.171328671,10,1,Sex,5,4,23.6713,1.7251,24.834,22.5086,2.0274,1.4228
42,1,22,1,3,4,39,33,3.171328671,10,2,Sex,3,4,23.6713,1.7251,24.834,22.5086,2.0274,1.4228
42,1,22,1,3,4,39,33,3.171328671,10,3,No_Sex,1,4,23.6713,1.7251,24.834,22.5086,2.0274,1.4228
42,1,22,1,3,4,39,33,3.171328671,10,4,Sex,2,4,23.6713,1.7251,24.834,22.5086,2.0274,1.4228
42,1,22,1,3,4,39,33,3.171328671,10,5,No_Sex,1,5,23.6713,1.7251,24.834,22.5086,2.0274,1.4228
42,1,22,1,3,4,39,33,3.171328671,10,6,No_Sex,4,5,23.6713,1.7251,24.834,22.5086,2.0274,1.4228
42,1,22,1,3,4,39,33,3.171328671,10,7,Sex,1,5,23.6713,1.7251,24.834,22.5086,2.0274,1.4228
42,1,22,1,3,4,39,33,3.171328671,10,8,No_Sex,1,3,23.6713,1.7251,24.834,22.5086,2.0274,1.4228
42,1,22,1,3,4,39,33,3.171328671,10,9,No_Sex,4,2,23.6713,1.7251,24.834,22.5086,2.0274,1.4228
42,1,22,1,3,4,39,33,3.171328671,10,10,Sex,1,5,23.6713,1.7251,24.834,22.5086,2.0274,1.4228
43,1,27,1,3,6,27,29,3.664335664,5,1,Sex,5,4,32.7795,1.7321,35.969,29.59,2.48,0.9842
43,1,27,1,3,6,27,29,3.664335664,5,2,Sex,1,4,32.7795,1.7321,35.969,29.59,2.48,0.9842
43,1,27,1,3,6,27,29,3.664335664,5,3,No_Sex,1,3,32.7795,1.7321,35.969,29.59,2.48,0.9842
43,1,27,1,3,6,27,29,3.664335664,5,4,Sex,1,3,32.7795,1.7321,35.969,29.59,2.48,0.9842
43,1,27,1,3,6,27,29,3.664335664,5,5,No_Sex,1,4,32.7795,1.7321,35.969,29.59,2.48,0.9842
43,1,27,1,3,6,27,29,3.664335664,5,6,No_Sex,4,4,32.7795,1.7321,35.969,29.59,2.48,0.9842
43,1,27,1,3,6,27,29,3.664335664,5,7,Sex,1,3,32.7795,1.7321,35.969,29.59,2.48,0.9842
43,1,27,1,3,6,27,29,3.664335664,5,8,No_Sex,1,4,32.7795,1.7321,35.969,29.59,2.48,0.9842
43,1,27,1,3,6,27,29,3.664335664,5,9,No_Sex,3,4,32.7795,1.7321,35.969,29.59,2.48,0.9842
43,1,27,1,3,6,27,29,3.664335664,5,10,Sex,1,4,32.7795,1.7321,35.969,29.59,2.48,0.9842
44,1,20,1,3,3,38,27,1.86013986,12,1,Sex,5,4,11.9864,1.3777,13.8066,10.1662,1.277,1.4784
44,1,20,1,3,3,38,27,1.86013986,12,2,Sex,4,3,11.9864,1.3777,13.8066,10.1662,1.277,1.4784
44,1,20,1,3,3,38,27,1.86013986,12,3,No_Sex,3,5,11.9864,1.3777,13.8066,10.1662,1.277,1.4784
44,1,20,1,3,3,38,27,1.86013986,12,4,Sex,1,4,11.9864,1.3777,13.8066,10.1662,1.277,1.4784
44,1,20,1,3,3,38,27,1.86013986,12,5,No_Sex,2,3,11.9864,1.3777,13.8066,10.1662,1.277,1.4784
44,1,20,1,3,3,38,27,1.86013986,12,6,No_Sex,5,5,11.9864,1.3777,13.8066,10.1662,1.277,1.4784
44,1,20,1,3,3,38,27,1.86013986,12,7,Sex,1,4,11.9864,1.3777,13.8066,10.1662,1.277,1.4784
44,1,20,1,3,3,38,27,1.86013986,12,8,No_Sex,3,3,11.9864,1.3777,13.8066,10.1662,1.277,1.4784
44,1,20,1,3,3,38,27,1.86013986,12,9,No_Sex,4,3,11.9864,1.3777,13.8066,10.1662,1.277,1.4784
44,1,20,1,3,3,38,27,1.86013986,12,10,Sex,1,4,11.9864,1.3777,13.8066,10.1662,1.277,1.4784
45,1,21,1,3,2,37,30,3.192307692,5,1,Sex,2,3,38.9,2.71,55.72,22.08,3.24,2.18
45,1,21,1,3,2,37,30,3.192307692,5,2,Sex,3,2,38.9,2.71,55.72,22.08,3.24,2.18
45,1,21,1,3,2,37,30,3.192307692,5,3,No_Sex,2,4,38.9,2.71,55.72,22.08,3.24,2.18
45,1,21,1,3,2,37,30,3.192307692,5,4,Sex,1,1,38.9,2.71,55.72,22.08,3.24,2.18
45,1,21,1,3,2,37,30,3.192307692,5,5,No_Sex,2,4,38.9,2.71,55.72,22.08,3.24,2.18
45,1,21,1,3,2,37,30,3.192307692,5,6,No_Sex,4,3,38.9,2.71,55.72,22.08,3.24,2.18
45,1,21,1,3,2,37,30,3.192307692,5,7,Sex,2,3,38.9,2.71,55.72,22.08,3.24,2.18
45,1,21,1,3,2,37,30,3.192307692,5,8,No_Sex,4,4,38.9,2.71,55.72,22.08,3.24,2.18
45,1,21,1,3,2,37,30,3.192307692,5,9,No_Sex,1,1,38.9,2.71,55.72,22.08,3.24,2.18
45,1,21,1,3,2,37,30,3.192307692,5,10,Sex,4,3,38.9,2.71,55.72,22.08,3.24,2.18
46,2,20,1,8,4,31,40,3.559440559,3,1,Sex,3,4,27.736,4.408,30.0894,25.3826,2.5248,6.2912
46,2,20,1,8,4,31,40,3.559440559,3,2,Sex,2,4,27.736,4.408,30.0894,25.3826,2.5248,6.2912
46,2,20,1,8,4,31,40,3.559440559,3,3,No_Sex,1,3,27.736,4.408,30.0894,25.3826,2.5248,6.2912
46,2,20,1,8,4,31,40,3.559440559,3,4,Sex,3,3,27.736,4.408,30.0894,25.3826,2.5248,6.2912
46,2,20,1,8,4,31,40,3.559440559,3,5,No_Sex,1,4,27.736,4.408,30.0894,25.3826,2.5248,6.2912
46,2,20,1,8,4,31,40,3.559440559,3,6,No_Sex,3,3,27.736,4.408,30.0894,25.3826,2.5248,6.2912
46,2,20,1,8,4,31,40,3.559440559,3,7,Sex,3,3,27.736,4.408,30.0894,25.3826,2.5248,6.2912
46,2,20,1,8,4,31,40,3.559440559,3,8,No_Sex,1,3,27.736,4.408,30.0894,25.3826,2.5248,6.2912
46,2,20,1,8,4,31,40,3.559440559,3,9,No_Sex,4,3,27.736,4.408,30.0894,25.3826,2.5248,6.2912
46,2,20,1,8,4,31,40,3.559440559,3,10,Sex,1,3,27.736,4.408,30.0894,25.3826,2.5248,6.2912
47,2,45,3,2,4,31,36,1,16,1,Sex,4,4,36.9466,1.9545,40.421,33.4722,2.2016,1.7074
47,2,45,3,2,4,31,36,1,16,2,Sex,2,4,36.9466,1.9545,40.421,33.4722,2.2016,1.7074
47,2,45,3,2,4,31,36,1,16,3,No_Sex,1,5,36.9466,1.9545,40.421,33.4722,2.2016,1.7074
47,2,45,3,2,4,31,36,1,16,4,Sex,1,5,36.9466,1.9545,40.421,33.4722,2.2016,1.7074
47,2,45,3,2,4,31,36,1,16,5,No_Sex,1,4,36.9466,1.9545,40.421,33.4722,2.2016,1.7074
47,2,45,3,2,4,31,36,1,16,6,No_Sex,5,4,36.9466,1.9545,40.421,33.4722,2.2016,1.7074
47,2,45,3,2,4,31,36,1,16,7,Sex,1,4,36.9466,1.9545,40.421,33.4722,2.2016,1.7074
47,2,45,3,2,4,31,36,1,16,8,No_Sex,1,5,36.9466,1.9545,40.421,33.4722,2.2016,1.7074
47,2,45,3,2,4,31,36,1,16,9,No_Sex,5,4,36.9466,1.9545,40.421,33.4722,2.2016,1.7074
47,2,45,3,2,4,31,36,1,16,10,Sex,1,4,36.9466,1.9545,40.421,33.4722,2.2016,1.7074
48,2,32,1,2,5,20,27,4,3,1,Sex,5,4,28.8407,1.7178,32.1996,25.4818,2.1352,1.3004
48,2,32,1,2,5,20,27,4,3,2,Sex,2,2,28.8407,1.7178,32.1996,25.4818,2.1352,1.3004
48,2,32,1,2,5,20,27,4,3,3,No_Sex,1,3,28.8407,1.7178,32.1996,25.4818,2.1352,1.3004
48,2,32,1,2,5,20,27,4,3,4,Sex,1,3,28.8407,1.7178,32.1996,25.4818,2.1352,1.3004
48,2,32,1,2,5,20,27,4,3,5,No_Sex,2,3,28.8407,1.7178,32.1996,25.4818,2.1352,1.3004
48,2,32,1,2,5,20,27,4,3,6,No_Sex,4,3,28.8407,1.7178,32.1996,25.4818,2.1352,1.3004
48,2,32,1,2,5,20,27,4,3,7,Sex,1,2,28.8407,1.7178,32.1996,25.4818,2.1352,1.3004
48,2,32,1,2,5,20,27,4,3,8,No_Sex,1,2,28.8407,1.7178,32.1996,25.4818,2.1352,1.3004
48,2,32,1,2,5,20,27,4,3,9,No_Sex,4,3,28.8407,1.7178,32.1996,25.4818,2.1352,1.3004
48,2,32,1,2,5,20,27,4,3,10,Sex,1,3,28.8407,1.7178,32.1996,25.4818,2.1352,1.3004
49,1,25,2,4,4,48,28,3.402097902,7,1,Sex,2,4,10.8463,2.2344,17.1344,4.5582,2.6322,1.8366
49,1,25,2,4,4,48,28,3.402097902,7,2,Sex,1,4,10.8463,2.2344,17.1344,4.5582,2.6322,1.8366
49,1,25,2,4,4,48,28,3.402097902,7,3,No_Sex,1,4,10.8463,2.2344,17.1344,4.5582,2.6322,1.8366
49,1,25,2,4,4,48,28,3.402097902,7,4,Sex,2,4,10.8463,2.2344,17.1344,4.5582,2.6322,1.8366
49,1,25,2,4,4,48,28,3.402097902,7,5,No_Sex,1,5,10.8463,2.2344,17.1344,4.5582,2.6322,1.8366
49,1,25,2,4,4,48,28,3.402097902,7,6,No_Sex,4,4,10.8463,2.2344,17.1344,4.5582,2.6322,1.8366
49,1,25,2,4,4,48,28,3.402097902,7,7,Sex,1,2,10.8463,2.2344,17.1344,4.5582,2.6322,1.8366
49,1,25,2,4,4,48,28,3.402097902,7,8,No_Sex,1,5,10.8463,2.2344,17.1344,4.5582,2.6322,1.8366
49,1,25,2,4,4,48,28,3.402097902,7,9,No_Sex,4,5,10.8463,2.2344,17.1344,4.5582,2.6322,1.8366
49,1,25,2,4,4,48,28,3.402097902,7,10,Sex,4,4,10.8463,2.2344,17.1344,4.5582,2.6322,1.8366
50,1,18,1,3,1,36,30,3.034965035,4,1,Sex,2,4,21.1799,2.0802,29.4566,12.9032,2.7878,1.3726
50,1,18,1,3,1,36,30,3.034965035,4,2,Sex,2,2,21.1799,2.0802,29.4566,12.9032,2.7878,1.3726
50,1,18,1,3,1,36,30,3.034965035,4,3,No_Sex,1,5,21.1799,2.0802,29.4566,12.9032,2.7878,1.3726
50,1,18,1,3,1,36,30,3.034965035,4,4,Sex,1,4,21.1799,2.0802,29.4566,12.9032,2.7878,1.3726
50,1,18,1,3,1,36,30,3.034965035,4,5,No_Sex,1,4,21.1799,2.0802,29.4566,12.9032,2.7878,1.3726
50,1,18,1,3,1,36,30,3.034965035,4,6,No_Sex,4,5,21.1799,2.0802,29.4566,12.9032,2.7878,1.3726
50,1,18,1,3,1,36,30,3.034965035,4,7,Sex,1,1,21.1799,2.0802,29.4566,12.9032,2.7878,1.3726
50,1,18,1,3,1,36,30,3.034965035,4,8,No_Sex,1,5,21.1799,2.0802,29.4566,12.9032,2.7878,1.3726
50,1,18,1,3,1,36,30,3.034965035,4,9,No_Sex,5,2,21.1799,2.0802,29.4566,12.9032,2.7878,1.3726
50,1,18,1,3,1,36,30,3.034965035,4,10,Sex,1,4,21.1799,2.0802,29.4566,12.9032,2.7878,1.3726
51,1,18,1,3,3,42,49,2.867132867,7,1,Sex,5,4,30.1624,1.3363,22.2856,38.0392,1.5956,1.077
51,1,18,1,3,3,42,49,2.867132867,7,2,Sex,5,2,30.1624,1.3363,22.2856,38.0392,1.5956,1.077
51,1,18,1,3,3,42,49,2.867132867,7,3,No_Sex,1,4,30.1624,1.3363,22.2856,38.0392,1.5956,1.077
51,1,18,1,3,3,42,49,2.867132867,7,4,Sex,4,1,30.1624,1.3363,22.2856,38.0392,1.5956,1.077
51,1,18,1,3,3,42,49,2.867132867,7,5,No_Sex,1,4,30.1624,1.3363,22.2856,38.0392,1.5956,1.077
51,1,18,1,3,3,42,49,2.867132867,7,6,No_Sex,5,4,30.1624,1.3363,22.2856,38.0392,1.5956,1.077
51,1,18,1,3,3,42,49,2.867132867,7,7,Sex,2,1,30.1624,1.3363,22.2856,38.0392,1.5956,1.077
51,1,18,1,3,3,42,49,2.867132867,7,8,No_Sex,1,5,30.1624,1.3363,22.2856,38.0392,1.5956,1.077
51,1,18,1,3,3,42,49,2.867132867,7,9,No_Sex,1,1,30.1624,1.3363,22.2856,38.0392,1.5956,1.077
51,1,18,1,3,3,42,49,2.867132867,7,10,Sex,2,2,30.1624,1.3363,22.2856,38.0392,1.5956,1.077
52,2,28,1,3,4,18,48,3.559440559,3,1,Sex,2,4,41.5928,3.3716,49.2438,33.9418,3.3446,3.3986
52,2,28,1,3,4,18,48,3.559440559,3,2,Sex,1,2,41.5928,3.3716,49.2438,33.9418,3.3446,3.3986
52,2,28,1,3,4,18,48,3.559440559,3,3,No_Sex,1,2,41.5928,3.3716,49.2438,33.9418,3.3446,3.3986
52,2,28,1,3,4,18,48,3.559440559,3,4,Sex,1,2,41.5928,3.3716,49.2438,33.9418,3.3446,3.3986
52,2,28,1,3,4,18,48,3.559440559,3,5,No_Sex,1,4,41.5928,3.3716,49.2438,33.9418,3.3446,3.3986
52,2,28,1,3,4,18,48,3.559440559,3,6,No_Sex,4,4,41.5928,3.3716,49.2438,33.9418,3.3446,3.3986
52,2,28,1,3,4,18,48,3.559440559,3,7,Sex,1,1,41.5928,3.3716,49.2438,33.9418,3.3446,3.3986
52,2,28,1,3,4,18,48,3.559440559,3,8,No_Sex,1,4,41.5928,3.3716,49.2438,33.9418,3.3446,3.3986
52,2,28,1,3,4,18,48,3.559440559,3,9,No_Sex,4,2,41.5928,3.3716,49.2438,33.9418,3.3446,3.3986
52,2,28,1,3,4,18,48,3.559440559,3,10,Sex,2,2,41.5928,3.3716,49.2438,33.9418,3.3446,3.3986
53,2,19,1,3,4,22,29,3.685314685,3,1,Sex,5,5,12.3057,1.1635,13.8998,10.7116,1.2056,1.1214
53,2,19,1,3,4,22,29,3.685314685,3,2,Sex,1,4,12.3057,1.1635,13.8998,10.7116,1.2056,1.1214
53,2,19,1,3,4,22,29,3.685314685,3,3,No_Sex,1,4,12.3057,1.1635,13.8998,10.7116,1.2056,1.1214
53,2,19,1,3,4,22,29,3.685314685,3,4,Sex,1,3,12.3057,1.1635,13.8998,10.7116,1.2056,1.1214
53,2,19,1,3,4,22,29,3.685314685,3,5,No_Sex,2,4,12.3057,1.1635,13.8998,10.7116,1.2056,1.1214
53,2,19,1,3,4,22,29,3.685314685,3,6,No_Sex,5,4,12.3057,1.1635,13.8998,10.7116,1.2056,1.1214
53,2,19,1,3,4,22,29,3.685314685,3,7,Sex,1,3,12.3057,1.1635,13.8998,10.7116,1.2056,1.1214
53,2,19,1,3,4,22,29,3.685314685,3,8,No_Sex,1,5,12.3057,1.1635,13.8998,10.7116,1.2056,1.1214
53,2,19,1,3,4,22,29,3.685314685,3,9,No_Sex,5,3,12.3057,1.1635,13.8998,10.7116,1.2056,1.1214
53,2,19,1,3,4,22,29,3.685314685,3,10,Sex,1,4,12.3057,1.1635,13.8998,10.7116,1.2056,1.1214
54,1,18,1,3,1,39,36,3.307692308,7,1,Sex,4,5,5.5283,1.7223,9.4222,1.6344,1.9982,1.4464
54,1,18,1,3,1,39,36,3.307692308,7,2,Sex,1,4,5.5283,1.7223,9.4222,1.6344,1.9982,1.4464
54,1,18,1,3,1,39,36,3.307692308,7,3,No_Sex,1,4,5.5283,1.7223,9.4222,1.6344,1.9982,1.4464
54,1,18,1,3,1,39,36,3.307692308,7,4,Sex,1,2,5.5283,1.7223,9.4222,1.6344,1.9982,1.4464
54,1,18,1,3,1,39,36,3.307692308,7,5,No_Sex,1,5,5.5283,1.7223,9.4222,1.6344,1.9982,1.4464
54,1,18,1,3,1,39,36,3.307692308,7,6,No_Sex,4,3,5.5283,1.7223,9.4222,1.6344,1.9982,1.4464
54,1,18,1,3,1,39,36,3.307692308,7,7,Sex,1,2,5.5283,1.7223,9.4222,1.6344,1.9982,1.4464
54,1,18,1,3,1,39,36,3.307692308,7,8,No_Sex,1,5,5.5283,1.7223,9.4222,1.6344,1.9982,1.4464
54,1,18,1,3,1,39,36,3.307692308,7,9,No_Sex,2,4,5.5283,1.7223,9.4222,1.6344,1.9982,1.4464
54,1,18,1,3,1,39,36,3.307692308,7,10,Sex,2,2,5.5283,1.7223,9.4222,1.6344,1.9982,1.4464
55,2,21,1,3,2,41,33,3.402097902,6,1,Sex,5,4,40.6993,2.3538,47.3712,34.0274,2.3178,2.3898
55,2,21,1,3,2,41,33,3.402097902,6,2,Sex,4,4,40.6993,2.3538,47.3712,34.0274,2.3178,2.3898
55,2,21,1,3,2,41,33,3.402097902,6,3,No_Sex,1,2,40.6993,2.3538,47.3712,34.0274,2.3178,2.3898
55,2,21,1,3,2,41,33,3.402097902,6,4,Sex,3,2,40.6993,2.3538,47.3712,34.0274,2.3178,2.3898
55,2,21,1,3,2,41,33,3.402097902,6,5,No_Sex,1,4,40.6993,2.3538,47.3712,34.0274,2.3178,2.3898
55,2,21,1,3,2,41,33,3.402097902,6,6,No_Sex,5,4,40.6993,2.3538,47.3712,34.0274,2.3178,2.3898
55,2,21,1,3,2,41,33,3.402097902,6,7,Sex,2,3,40.6993,2.3538,47.3712,34.0274,2.3178,2.3898
55,2,21,1,3,2,41,33,3.402097902,6,8,No_Sex,1,4,40.6993,2.3538,47.3712,34.0274,2.3178,2.3898
55,2,21,1,3,2,41,33,3.402097902,6,9,No_Sex,5,2,40.6993,2.3538,47.3712,34.0274,2.3178,2.3898
55,2,21,1,3,2,41,33,3.402097902,6,10,Sex,2,3,40.6993,2.3538,47.3712,34.0274,2.3178,2.3898
56,2,22,1,3,5,26,49,3.412587413,6,1,Sex,4,4,19.6668,2.2417,29.1194,10.2142,2.4504,2.033
56,2,22,1,3,5,26,49,3.412587413,6,2,Sex,1,2,19.6668,2.2417,29.1194,10.2142,2.4504,2.033
56,2,22,1,3,5,26,49,3.412587413,6,3,No_Sex,1,2,19.6668,2.2417,29.1194,10.2142,2.4504,2.033
56,2,22,1,3,5,26,49,3.412587413,6,4,Sex,1,2,19.6668,2.2417,29.1194,10.2142,2.4504,2.033
56,2,22,1,3,5,26,49,3.412587413,6,5,No_Sex,1,2,19.6668,2.2417,29.1194,10.2142,2.4504,2.033
56,2,22,1,3,5,26,49,3.412587413,6,6,No_Sex,4,4,19.6668,2.2417,29.1194,10.2142,2.4504,2.033
56,2,22,1,3,5,26,49,3.412587413,6,7,Sex,1,2,19.6668,2.2417,29.1194,10.2142,2.4504,2.033
56,2,22,1,3,5,26,49,3.412587413,6,8,No_Sex,3,3,19.6668,2.2417,29.1194,10.2142,2.4504,2.033
56,2,22,1,3,5,26,49,3.412587413,6,9,No_Sex,3,3,19.6668,2.2417,29.1194,10.2142,2.4504,2.033
56,2,22,1,3,5,26,49,3.412587413,6,10,Sex,1,2,19.6668,2.2417,29.1194,10.2142,2.4504,2.033
57,2,46,1,3,4,33,33,3.548951049,9,1,Sex,5,3,37.7318,2.6686,25.9392,49.5244,3.0278,2.3094
57,2,46,1,3,4,33,33,3.548951049,9,2,Sex,1,2,37.7318,2.6686,25.9392,49.5244,3.0278,2.3094
57,2,46,1,3,4,33,33,3.548951049,9,3,No_Sex,1,4,37.7318,2.6686,25.9392,49.5244,3.0278,2.3094
57,2,46,1,3,4,33,33,3.548951049,9,4,Sex,1,3,37.7318,2.6686,25.9392,49.5244,3.0278,2.3094
57,2,46,1,3,4,33,33,3.548951049,9,5,No_Sex,3,4,37.7318,2.6686,25.9392,49.5244,3.0278,2.3094
57,2,46,1,3,4,33,33,3.548951049,9,6,No_Sex,4,4,37.7318,2.6686,25.9392,49.5244,3.0278,2.3094
57,2,46,1,3,4,33,33,3.548951049,9,7,Sex,1,3,37.7318,2.6686,25.9392,49.5244,3.0278,2.3094
57,2,46,1,3,4,33,33,3.548951049,9,8,No_Sex,4,5,37.7318,2.6686,25.9392,49.5244,3.0278,2.3094
57,2,46,1,3,4,33,33,3.548951049,9,9,No_Sex,2,1,37.7318,2.6686,25.9392,49.5244,3.0278,2.3094
57,2,46,1,3,4,33,33,3.548951049,9,10,Sex,4,4,37.7318,2.6686,25.9392,49.5244,3.0278,2.3094
58,1,32,2,3,4,36,23,3.255244755,4,1,Sex,4,4,34.2316,2.7041,38.5948,29.8684,2.4594,2.9488
58,1,32,2,3,4,36,23,3.255244755,4,2,Sex,4,4,34.2316,2.7041,38.5948,29.8684,2.4594,2.9488
58,1,32,2,3,4,36,23,3.255244755,4,3,No_Sex,1,4,34.2316,2.7041,38.5948,29.8684,2.4594,2.9488
58,1,32,2,3,4,36,23,3.255244755,4,4,Sex,3,4,34.2316,2.7041,38.5948,29.8684,2.4594,2.9488
58,1,32,2,3,4,36,23,3.255244755,4,5,No_Sex,1,4,34.2316,2.7041,38.5948,29.8684,2.4594,2.9488
58,1,32,2,3,4,36,23,3.255244755,4,6,No_Sex,4,4,34.2316,2.7041,38.5948,29.8684,2.4594,2.9488
58,1,32,2,3,4,36,23,3.255244755,4,7,Sex,4,4,34.2316,2.7041,38.5948,29.8684,2.4594,2.9488
58,1,32,2,3,4,36,23,3.255244755,4,8,No_Sex,1,4,34.2316,2.7041,38.5948,29.8684,2.4594,2.9488
58,1,32,2,3,4,36,23,3.255244755,4,9,No_Sex,4,4,34.2316,2.7041,38.5948,29.8684,2.4594,2.9488
58,1,32,2,3,4,36,23,3.255244755,4,10,Sex,1,4,34.2316,2.7041,38.5948,29.8684,2.4594,2.9488
59,2,26,1,3,4,17,35,3.517482517,10,1,Sex,5,5,33.5127,1.4626,21.8836,45.1418,1.8126,1.1126
59,2,26,1,3,4,17,35,3.517482517,10,2,Sex,1,4,33.5127,1.4626,21.8836,45.1418,1.8126,1.1126
59,2,26,1,3,4,17,35,3.517482517,10,3,No_Sex,1,2,33.5127,1.4626,21.8836,45.1418,1.8126,1.1126
59,2,26,1,3,4,17,35,3.517482517,10,4,Sex,1,4,33.5127,1.4626,21.8836,45.1418,1.8126,1.1126
59,2,26,1,3,4,17,35,3.517482517,10,5,No_Sex,1,2,33.5127,1.4626,21.8836,45.1418,1.8126,1.1126
59,2,26,1,3,4,17,35,3.517482517,10,6,No_Sex,5,2,33.5127,1.4626,21.8836,45.1418,1.8126,1.1126
59,2,26,1,3,4,17,35,3.517482517,10,7,Sex,1,2,33.5127,1.4626,21.8836,45.1418,1.8126,1.1126
59,2,26,1,3,4,17,35,3.517482517,10,8,No_Sex,2,4,33.5127,1.4626,21.8836,45.1418,1.8126,1.1126
59,2,26,1,3,4,17,35,3.517482517,10,9,No_Sex,3,1,33.5127,1.4626,21.8836,45.1418,1.8126,1.1126
59,2,26,1,3,4,17,35,3.517482517,10,10,Sex,1,5,33.5127,1.4626,21.8836,45.1418,1.8126,1.1126
60,1,18,1,3,3,38,29,2.342657343,6,1,Sex,5,4,22.0342,2.6136,19.3508,24.7176,3.4128,1.8144
60,1,18,1,3,3,38,29,2.342657343,6,2,Sex,1,3,22.0342,2.6136,19.3508,24.7176,3.4128,1.8144
60,1,18,1,3,3,38,29,2.342657343,6,3,No_Sex,1,4,22.0342,2.6136,19.3508,24.7176,3.4128,1.8144
60,1,18,1,3,3,38,29,2.342657343,6,4,Sex,1,5,22.0342,2.6136,19.3508,24.7176,3.4128,1.8144
60,1,18,1,3,3,38,29,2.342657343,6,5,No_Sex,4,4,22.0342,2.6136,19.3508,24.7176,3.4128,1.8144
60,1,18,1,3,3,38,29,2.342657343,6,6,No_Sex,2,4,22.0342,2.6136,19.3508,24.7176,3.4128,1.8144
60,1,18,1,3,3,38,29,2.342657343,6,7,Sex,2,4,22.0342,2.6136,19.3508,24.7176,3.4128,1.8144
60,1,18,1,3,3,38,29,2.342657343,6,8,No_Sex,1,5,22.0342,2.6136,19.3508,24.7176,3.4128,1.8144
60,1,18,1,3,3,38,29,2.342657343,6,9,No_Sex,5,5,22.0342,2.6136,19.3508,24.7176,3.4128,1.8144
60,1,18,1,3,3,38,29,2.342657343,6,10,Sex,4,4,22.0342,2.6136,19.3508,24.7176,3.4128,1.8144
61,1,19,1,3,3,39,30,3.013986014,10,1,Sex,4,4,47.542,2.3492,39.689,55.395,3.662,1.0364
61,1,19,1,3,3,39,30,3.013986014,10,2,Sex,3,4,47.542,2.3492,39.689,55.395,3.662,1.0364
61,1,19,1,3,3,39,30,3.013986014,10,3,No_Sex,1,3,47.542,2.3492,39.689,55.395,3.662,1.0364
61,1,19,1,3,3,39,30,3.013986014,10,4,Sex,2,3,47.542,2.3492,39.689,55.395,3.662,1.0364
61,1,19,1,3,3,39,30,3.013986014,10,5,No_Sex,1,3,47.542,2.3492,39.689,55.395,3.662,1.0364
61,1,19,1,3,3,39,30,3.013986014,10,6,No_Sex,4,4,47.542,2.3492,39.689,55.395,3.662,1.0364
61,1,19,1,3,3,39,30,3.013986014,10,7,Sex,3,4,47.542,2.3492,39.689,55.395,3.662,1.0364
61,1,19,1,3,3,39,30,3.013986014,10,8,No_Sex,3,4,47.542,2.3492,39.689,55.395,3.662,1.0364
61,1,19,1,3,3,39,30,3.013986014,10,9,No_Sex,4,3,47.542,2.3492,39.689,55.395,3.662,1.0364
61,1,19,1,3,3,39,30,3.013986014,10,10,Sex,3,3,47.542,2.3492,39.689,55.395,3.662,1.0364
62,1,22,1,3,4,28,45,3.181818182,8,1,Sex,2,4,16.5158,2.9643,14.239,18.7926,4.405,1.5236
62,1,22,1,3,4,28,45,3.181818182,8,2,Sex,1,3,16.5158,2.9643,14.239,18.7926,4.405,1.5236
62,1,22,1,3,4,28,45,3.181818182,8,3,No_Sex,1,4,16.5158,2.9643,14.239,18.7926,4.405,1.5236
62,1,22,1,3,4,28,45,3.181818182,8,4,Sex,1,2,16.5158,2.9643,14.239,18.7926,4.405,1.5236
62,1,22,1,3,4,28,45,3.181818182,8,5,No_Sex,4,1,16.5158,2.9643,14.239,18.7926,4.405,1.5236
62,1,22,1,3,4,28,45,3.181818182,8,6,No_Sex,5,2,16.5158,2.9643,14.239,18.7926,4.405,1.5236
62,1,22,1,3,4,28,45,3.181818182,8,7,Sex,1,3,16.5158,2.9643,14.239,18.7926,4.405,1.5236
62,1,22,1,3,4,28,45,3.181818182,8,8,No_Sex,1,5,16.5158,2.9643,14.239,18.7926,4.405,1.5236
62,1,22,1,3,4,28,45,3.181818182,8,9,No_Sex,4,1,16.5158,2.9643,14.239,18.7926,4.405,1.5236
62,1,22,1,3,4,28,45,3.181818182,8,10,Sex,1,3,16.5158,2.9643,14.239,18.7926,4.405,1.5236
63,2,38,1,2,2,24,36,3.685314685,4,1,Sex,5,5,24.2392,1.6839,27.2572,21.2212,1.8146,1.5532
63,2,38,1,2,2,24,36,3.685314685,4,2,Sex,4,4,24.2392,1.6839,27.2572,21.2212,1.8146,1.5532
63,2,38,1,2,2,24,36,3.685314685,4,3,No_Sex,1,4,24.2392,1.6839,27.2572,21.2212,1.8146,1.5532
63,2,38,1,2,2,24,36,3.685314685,4,4,Sex,4,4,24.2392,1.6839,27.2572,21.2212,1.8146,1.5532
63,2,38,1,2,2,24,36,3.685314685,4,5,No_Sex,1,4,24.2392,1.6839,27.2572,21.2212,1.8146,1.5532
63,2,38,1,2,2,24,36,3.685314685,4,6,No_Sex,5,4,24.2392,1.6839,27.2572,21.2212,1.8146,1.5532
63,2,38,1,2,2,24,36,3.685314685,4,7,Sex,4,2,24.2392,1.6839,27.2572,21.2212,1.8146,1.5532
63,2,38,1,2,2,24,36,3.685314685,4,8,No_Sex,1,4,24.2392,1.6839,27.2572,21.2212,1.8146,1.5532
63,2,38,1,2,2,24,36,3.685314685,4,9,No_Sex,4,2,24.2392,1.6839,27.2572,21.2212,1.8146,1.5532
63,2,38,1,2,2,24,36,3.685314685,4,10,Sex,1,2,24.2392,1.6839,27.2572,21.2212,1.8146,1.5532
64,2,20,1,3,3,46,26,3.412587413,3,1,Sex,4,4,31.5048,1.9571,44.4862,18.5234,1.9294,1.9848
64,2,20,1,3,3,46,26,3.412587413,3,2,Sex,1,3,31.5048,1.9571,44.4862,18.5234,1.9294,1.9848
64,2,20,1,3,3,46,26,3.412587413,3,3,No_Sex,1,2,31.5048,1.9571,44.4862,18.5234,1.9294,1.9848
64,2,20,1,3,3,46,26,3.412587413,3,4,Sex,2,4,31.5048,1.9571,44.4862,18.5234,1.9294,1.9848
64,2,20,1,3,3,46,26,3.412587413,3,5,No_Sex,1,5,31.5048,1.9571,44.4862,18.5234,1.9294,1.9848
64,2,20,1,3,3,46,26,3.412587413,3,6,No_Sex,4,4,31.5048,1.9571,44.4862,18.5234,1.9294,1.9848
64,2,20,1,3,3,46,26,3.412587413,3,7,Sex,3,2,31.5048,1.9571,44.4862,18.5234,1.9294,1.9848
64,2,20,1,3,3,46,26,3.412587413,3,8,No_Sex,2,5,31.5048,1.9571,44.4862,18.5234,1.9294,1.9848
64,2,20,1,3,3,46,26,3.412587413,3,9,No_Sex,4,3,31.5048,1.9571,44.4862,18.5234,1.9294,1.9848
64,2,20,1,3,3,46,26,3.412587413,3,10,Sex,2,4,31.5048,1.9571,44.4862,18.5234,1.9294,1.9848
65,1,36,1,3,4,19,37,1.807692308,14,1,Sex,1,3,13.4329,4.3642,16.991,9.8748,1.5288,7.1996
65,1,36,1,3,4,19,37,1.807692308,14,2,Sex,1,3,13.4329,4.3642,16.991,9.8748,1.5288,7.1996
65,1,36,1,3,4,19,37,1.807692308,14,3,No_Sex,1,2,13.4329,4.3642,16.991,9.8748,1.5288,7.1996
65,1,36,1,3,4,19,37,1.807692308,14,4,Sex,1,2,13.4329,4.3642,16.991,9.8748,1.5288,7.1996
65,1,36,1,3,4,19,37,1.807692308,14,5,No_Sex,1,4,13.4329,4.3642,16.991,9.8748,1.5288,7.1996
65,1,36,1,3,4,19,37,1.807692308,14,6,No_Sex,5,4,13.4329,4.3642,16.991,9.8748,1.5288,7.1996
65,1,36,1,3,4,19,37,1.807692308,14,7,Sex,4,4,13.4329,4.3642,16.991,9.8748,1.5288,7.1996
65,1,36,1,3,4,19,37,1.807692308,14,8,No_Sex,5,5,13.4329,4.3642,16.991,9.8748,1.5288,7.1996
65,1,36,1,3,4,19,37,1.807692308,14,9,No_Sex,2,2,13.4329,4.3642,16.991,9.8748,1.5288,7.1996
65,1,36,1,3,4,19,37,1.807692308,14,10,Sex,2,4,13.4329,4.3642,16.991,9.8748,1.5288,7.1996
66,2,34,1,3,4,39,37,3.653846154,5,1,Sex,4,3,6.6059,3.1617,11.6674,1.5444,4.1168,2.2066
66,2,34,1,3,4,39,37,3.653846154,5,2,Sex,4,2,6.6059,3.1617,11.6674,1.5444,4.1168,2.2066
66,2,34,1,3,4,39,37,3.653846154,5,3,No_Sex,1,2,6.6059,3.1617,11.6674,1.5444,4.1168,2.2066
66,2,34,1,3,4,39,37,3.653846154,5,4,Sex,1,4,6.6059,3.1617,11.6674,1.5444,4.1168,2.2066
66,2,34,1,3,4,39,37,3.653846154,5,5,No_Sex,2,4,6.6059,3.1617,11.6674,1.5444,4.1168,2.2066
66,2,34,1,3,4,39,37,3.653846154,5,6,No_Sex,2,2,6.6059,3.1617,11.6674,1.5444,4.1168,2.2066
66,2,34,1,3,4,39,37,3.653846154,5,7,Sex,1,2,6.6059,3.1617,11.6674,1.5444,4.1168,2.2066
66,2,34,1,3,4,39,37,3.653846154,5,8,No_Sex,1,2,6.6059,3.1617,11.6674,1.5444,4.1168,2.2066
66,2,34,1,3,4,39,37,3.653846154,5,9,No_Sex,3,3,6.6059,3.1617,11.6674,1.5444,4.1168,2.2066
66,2,34,1,3,4,39,37,3.653846154,5,10,Sex,2,4,6.6059,3.1617,11.6674,1.5444,4.1168,2.2066
67,1,19,1,2,4,35,43,2.646853147,11,1,Sex,2,3,11.0189,3.9931,8.9606,13.0772,4.2164,3.7698
67,1,19,1,2,4,35,43,2.646853147,11,2,Sex,1,4,11.0189,3.9931,8.9606,13.0772,4.2164,3.7698
67,1,19,1,2,4,35,43,2.646853147,11,3,No_Sex,1,2,11.0189,3.9931,8.9606,13.0772,4.2164,3.7698
67,1,19,1,2,4,35,43,2.646853147,11,4,Sex,1,2,11.0189,3.9931,8.9606,13.0772,4.2164,3.7698
67,1,19,1,2,4,35,43,2.646853147,11,5,No_Sex,2,3,11.0189,3.9931,8.9606,13.0772,4.2164,3.7698
67,1,19,1,2,4,35,43,2.646853147,11,6,No_Sex,3,4,11.0189,3.9931,8.9606,13.0772,4.2164,3.7698
67,1,19,1,2,4,35,43,2.646853147,11,7,Sex,2,2,11.0189,3.9931,8.9606,13.0772,4.2164,3.7698
67,1,19,1,2,4,35,43,2.646853147,11,8,No_Sex,3,4,11.0189,3.9931,8.9606,13.0772,4.2164,3.7698
67,1,19,1,2,4,35,43,2.646853147,11,9,No_Sex,1,2,11.0189,3.9931,8.9606,13.0772,4.2164,3.7698
67,1,19,1,2,4,35,43,2.646853147,11,10,Sex,4,2,11.0189,3.9931,8.9606,13.0772,4.2164,3.7698
68,1,22,1,3,4,36,22,2.793706294,12,1,Sex,2,2,29.4033,3.6866,30.084,28.7226,4.861,2.5122
68,1,22,1,3,4,36,22,2.793706294,12,2,Sex,1,2,29.4033,3.6866,30.084,28.7226,4.861,2.5122
68,1,22,1,3,4,36,22,2.793706294,12,3,No_Sex,3,3,29.4033,3.6866,30.084,28.7226,4.861,2.5122
68,1,22,1,3,4,36,22,2.793706294,12,4,Sex,1,4,29.4033,3.6866,30.084,28.7226,4.861,2.5122
68,1,22,1,3,4,36,22,2.793706294,12,5,No_Sex,4,4,29.4033,3.6866,30.084,28.7226,4.861,2.5122
68,1,22,1,3,4,36,22,2.793706294,12,6,No_Sex,1,2,29.4033,3.6866,30.084,28.7226,4.861,2.5122
68,1,22,1,3,4,36,22,2.793706294,12,7,Sex,2,2,29.4033,3.6866,30.084,28.7226,4.861,2.5122
68,1,22,1,3,4,36,22,2.793706294,12,8,No_Sex,2,4,29.4033,3.6866,30.084,28.7226,4.861,2.5122
68,1,22,1,3,4,36,22,2.793706294,12,9,No_Sex,5,2,29.4033,3.6866,30.084,28.7226,4.861,2.5122
68,1,22,1,3,4,36,22,2.793706294,12,10,Sex,1,2,29.4033,3.6866,30.084,28.7226,4.861,2.5122
69,1,20,1,3,2,37,19,2.877622378,4,1,Sex,2,2,52.6961,1.4854,50.9268,54.4654,1.3054,1.6654
69,1,20,1,3,2,37,19,2.877622378,4,2,Sex,1,2,52.6961,1.4854,50.9268,54.4654,1.3054,1.6654
69,1,20,1,3,2,37,19,2.877622378,4,3,No_Sex,1,4,52.6961,1.4854,50.9268,54.4654,1.3054,1.6654
69,1,20,1,3,2,37,19,2.877622378,4,4,Sex,1,2,52.6961,1.4854,50.9268,54.4654,1.3054,1.6654
69,1,20,1,3,2,37,19,2.877622378,4,5,No_Sex,1,5,52.6961,1.4854,50.9268,54.4654,1.3054,1.6654
69,1,20,1,3,2,37,19,2.877622378,4,6,No_Sex,4,5,52.6961,1.4854,50.9268,54.4654,1.3054,1.6654
69,1,20,1,3,2,37,19,2.877622378,4,7,Sex,1,2,52.6961,1.4854,50.9268,54.4654,1.3054,1.6654
69,1,20,1,3,2,37,19,2.877622378,4,8,No_Sex,2,4,52.6961,1.4854,50.9268,54.4654,1.3054,1.6654
69,1,20,1,3,2,37,19,2.877622378,4,9,No_Sex,3,3,52.6961,1.4854,50.9268,54.4654,1.3054,1.6654
69,1,20,1,3,2,37,19,2.877622378,4,10,Sex,4,4,52.6961,1.4854,50.9268,54.4654,1.3054,1.6654
70,2,25,1,3,5,47,23,3.527972028,8,1,Sex,2,4,39.6031,3.2874,43.794,35.4122,3.5852,2.9896
70,2,25,1,3,5,47,23,3.527972028,8,2,Sex,2,4,39.6031,3.2874,43.794,35.4122,3.5852,2.9896
70,2,25,1,3,5,47,23,3.527972028,8,3,No_Sex,1,4,39.6031,3.2874,43.794,35.4122,3.5852,2.9896
70,2,25,1,3,5,47,23,3.527972028,8,4,Sex,4,5,39.6031,3.2874,43.794,35.4122,3.5852,2.9896
70,2,25,1,3,5,47,23,3.527972028,8,5,No_Sex,1,3,39.6031,3.2874,43.794,35.4122,3.5852,2.9896
70,2,25,1,3,5,47,23,3.527972028,8,6,No_Sex,5,5,39.6031,3.2874,43.794,35.4122,3.5852,2.9896
70,2,25,1,3,5,47,23,3.527972028,8,7,Sex,2,1,39.6031,3.2874,43.794,35.4122,3.5852,2.9896
70,2,25,1,3,5,47,23,3.527972028,8,8,No_Sex,1,5,39.6031,3.2874,43.794,35.4122,3.5852,2.9896
70,2,25,1,3,5,47,23,3.527972028,8,9,No_Sex,4,2,39.6031,3.2874,43.794,35.4122,3.5852,2.9896
70,2,25,1,3,5,47,23,3.527972028,8,10,Sex,1,4,39.6031,3.2874,43.794,35.4122,3.5852,2.9896
71,3,27,1,3,5,42,39,3.223776224,9,1,Sex,5,4,34.8121,3.254,36.3898,33.2344,3.4566,3.0514
71,3,27,1,3,5,42,39,3.223776224,9,2,Sex,2,2,34.8121,3.254,36.3898,33.2344,3.4566,3.0514
71,3,27,1,3,5,42,39,3.223776224,9,3,No_Sex,1,2,34.8121,3.254,36.3898,33.2344,3.4566,3.0514
71,3,27,1,3,5,42,39,3.223776224,9,4,Sex,1,4,34.8121,3.254,36.3898,33.2344,3.4566,3.0514
71,3,27,1,3,5,42,39,3.223776224,9,5,No_Sex,1,4,34.8121,3.254,36.3898,33.2344,3.4566,3.0514
71,3,27,1,3,5,42,39,3.223776224,9,6,No_Sex,4,4,34.8121,3.254,36.3898,33.2344,3.4566,3.0514
71,3,27,1,3,5,42,39,3.223776224,9,7,Sex,1,4,34.8121,3.254,36.3898,33.2344,3.4566,3.0514
71,3,27,1,3,5,42,39,3.223776224,9,8,No_Sex,3,4,34.8121,3.254,36.3898,33.2344,3.4566,3.0514
71,3,27,1,3,5,42,39,3.223776224,9,9,No_Sex,4,2,34.8121,3.254,36.3898,33.2344,3.4566,3.0514
71,3,27,1,3,5,42,39,3.223776224,9,10,Sex,2,4,34.8121,3.254,36.3898,33.2344,3.4566,3.0514
72,1,28,1,3,4,31,34,3.045454545,6,1,Sex,5,4,33.2332,2.6632,35.1126,31.3538,3.1174,2.209
72,1,28,1,3,4,31,34,3.045454545,6,2,Sex,1,4,33.2332,2.6632,35.1126,31.3538,3.1174,2.209
72,1,28,1,3,4,31,34,3.045454545,6,3,No_Sex,1,2,33.2332,2.6632,35.1126,31.3538,3.1174,2.209
72,1,28,1,3,4,31,34,3.045454545,6,4,Sex,1,2,33.2332,2.6632,35.1126,31.3538,3.1174,2.209
72,1,28,1,3,4,31,34,3.045454545,6,5,No_Sex,1,4,33.2332,2.6632,35.1126,31.3538,3.1174,2.209
72,1,28,1,3,4,31,34,3.045454545,6,6,No_Sex,5,3,33.2332,2.6632,35.1126,31.3538,3.1174,2.209
72,1,28,1,3,4,31,34,3.045454545,6,7,Sex,1,2,33.2332,2.6632,35.1126,31.3538,3.1174,2.209
72,1,28,1,3,4,31,34,3.045454545,6,8,No_Sex,1,4,33.2332,2.6632,35.1126,31.3538,3.1174,2.209
72,1,28,1,3,4,31,34,3.045454545,6,9,No_Sex,3,1,33.2332,2.6632,35.1126,31.3538,3.1174,2.209
72,1,28,1,3,4,31,34,3.045454545,6,10,Sex,3,1,33.2332,2.6632,35.1126,31.3538,3.1174,2.209
73,1,18,1,3,3,53,30,3.013986014,11,1,Sex,4,4,49.2948,1.8979,39.8984,58.6912,2.2878,1.508
73,1,18,1,3,3,53,30,3.013986014,11,2,Sex,4,3,49.2948,1.8979,39.8984,58.6912,2.2878,1.508
73,1,18,1,3,3,53,30,3.013986014,11,3,No_Sex,4,5,49.2948,1.8979,39.8984,58.6912,2.2878,1.508
73,1,18,1,3,3,53,30,3.013986014,11,4,Sex,5,5,49.2948,1.8979,39.8984,58.6912,2.2878,1.508
73,1,18,1,3,3,53,30,3.013986014,11,5,No_Sex,2,4,49.2948,1.8979,39.8984,58.6912,2.2878,1.508
73,1,18,1,3,3,53,30,3.013986014,11,6,No_Sex,4,2,49.2948,1.8979,39.8984,58.6912,2.2878,1.508
73,1,18,1,3,3,53,30,3.013986014,11,7,Sex,2,2,49.2948,1.8979,39.8984,58.6912,2.2878,1.508
73,1,18,1,3,3,53,30,3.013986014,11,8,No_Sex,4,3,49.2948,1.8979,39.8984,58.6912,2.2878,1.508
73,1,18,1,3,3,53,30,3.013986014,11,9,No_Sex,4,4,49.2948,1.8979,39.8984,58.6912,2.2878,1.508
73,1,18,1,3,3,53,30,3.013986014,11,10,Sex,2,1,49.2948,1.8979,39.8984,58.6912,2.2878,1.508
74,1,20,1,3,1,44,23,2.91958042,11,1,Sex,5,5,31.7701,3.248,31.1062,32.434,4.104,2.392
74,1,20,1,3,1,44,23,2.91958042,11,2,Sex,2,4,31.7701,3.248,31.1062,32.434,4.104,2.392
74,1,20,1,3,1,44,23,2.91958042,11,3,No_Sex,1,5,31.7701,3.248,31.1062,32.434,4.104,2.392
74,1,20,1,3,1,44,23,2.91958042,11,4,Sex,1,4,31.7701,3.248,31.1062,32.434,4.104,2.392
74,1,20,1,3,1,44,23,2.91958042,11,5,No_Sex,1,3,31.7701,3.248,31.1062,32.434,4.104,2.392
74,1,20,1,3,1,44,23,2.91958042,11,6,No_Sex,5,4,31.7701,3.248,31.1062,32.434,4.104,2.392
74,1,20,1,3,1,44,23,2.91958042,11,7,Sex,1,4,31.7701,3.248,31.1062,32.434,4.104,2.392
74,1,20,1,3,1,44,23,2.91958042,11,8,No_Sex,1,4,31.7701,3.248,31.1062,32.434,4.104,2.392
74,1,20,1,3,1,44,23,2.91958042,11,9,No_Sex,5,4,31.7701,3.248,31.1062,32.434,4.104,2.392
74,1,20,1,3,1,44,23,2.91958042,11,10,Sex,1,2,31.7701,3.248,31.1062,32.434,4.104,2.392
75,2,35,1,3,4,26,36,3.045454545,6,1,Sex,5,4,49.1554,5.444,82.7106,15.6002,8.5206,2.3674
75,2,35,1,3,4,26,36,3.045454545,6,2,Sex,2,3,49.1554,5.444,82.7106,15.6002,8.5206,2.3674
75,2,35,1,3,4,26,36,3.045454545,6,3,No_Sex,1,2,49.1554,5.444,82.7106,15.6002,8.5206,2.3674
75,2,35,1,3,4,26,36,3.045454545,6,4,Sex,1,4,49.1554,5.444,82.7106,15.6002,8.5206,2.3674
75,2,35,1,3,4,26,36,3.045454545,6,5,No_Sex,1,4,49.1554,5.444,82.7106,15.6002,8.5206,2.3674
75,2,35,1,3,4,26,36,3.045454545,6,6,No_Sex,4,4,49.1554,5.444,82.7106,15.6002,8.5206,2.3674
75,2,35,1,3,4,26,36,3.045454545,6,7,Sex,1,3,49.1554,5.444,82.7106,15.6002,8.5206,2.3674
75,2,35,1,3,4,26,36,3.045454545,6,8,No_Sex,1,4,49.1554,5.444,82.7106,15.6002,8.5206,2.3674
75,2,35,1,3,4,26,36,3.045454545,6,9,No_Sex,2,2,49.1554,5.444,82.7106,15.6002,8.5206,2.3674
75,2,35,1,3,4,26,36,3.045454545,6,10,Sex,1,2,49.1554,5.444,82.7106,15.6002,8.5206,2.3674
76,1,22,1,3,3,20,46,3.087412587,10,1,Sex,5,4,7.8868,4.0172,7.2712,8.5024,2.0166,6.0178
76,1,22,1,3,3,20,46,3.087412587,10,2,Sex,4,2,7.8868,4.0172,7.2712,8.5024,2.0166,6.0178
76,1,22,1,3,3,20,46,3.087412587,10,3,No_Sex,1,4,7.8868,4.0172,7.2712,8.5024,2.0166,6.0178
76,1,22,1,3,3,20,46,3.087412587,10,4,Sex,1,4,7.8868,4.0172,7.2712,8.5024,2.0166,6.0178
76,1,22,1,3,3,20,46,3.087412587,10,5,No_Sex,1,5,7.8868,4.0172,7.2712,8.5024,2.0166,6.0178
76,1,22,1,3,3,20,46,3.087412587,10,6,No_Sex,2,4,7.8868,4.0172,7.2712,8.5024,2.0166,6.0178
76,1,22,1,3,3,20,46,3.087412587,10,7,Sex,1,1,7.8868,4.0172,7.2712,8.5024,2.0166,6.0178
76,1,22,1,3,3,20,46,3.087412587,10,8,No_Sex,2,4,7.8868,4.0172,7.2712,8.5024,2.0166,6.0178
76,1,22,1,3,3,20,46,3.087412587,10,9,No_Sex,4,1,7.8868,4.0172,7.2712,8.5024,2.0166,6.0178
76,1,22,1,3,3,20,46,3.087412587,10,10,Sex,1,4,7.8868,4.0172,7.2712,8.5024,2.0166,6.0178
77,2,25,3,8,4,26,34,3.863636364,3,1,Sex,4,5,27.3249,1.6659,28.8894,25.7604,1.8794,1.4524
77,2,25,3,8,4,26,34,3.863636364,3,2,Sex,4,3,27.3249,1.6659,28.8894,25.7604,1.8794,1.4524
77,2,25,3,8,4,26,34,3.863636364,3,3,No_Sex,4,3,27.3249,1.6659,28.8894,25.7604,1.8794,1.4524
77,2,25,3,8,4,26,34,3.863636364,3,4,Sex,4,4,27.3249,1.6659,28.8894,25.7604,1.8794,1.4524
77,2,25,3,8,4,26,34,3.863636364,3,5,No_Sex,2,4,27.3249,1.6659,28.8894,25.7604,1.8794,1.4524
77,2,25,3,8,4,26,34,3.863636364,3,6,No_Sex,3,3,27.3249,1.6659,28.8894,25.7604,1.8794,1.4524
77,2,25,3,8,4,26,34,3.863636364,3,7,Sex,3,4,27.3249,1.6659,28.8894,25.7604,1.8794,1.4524
77,2,25,3,8,4,26,34,3.863636364,3,8,No_Sex,2,3,27.3249,1.6659,28.8894,25.7604,1.8794,1.4524
77,2,25,3,8,4,26,34,3.863636364,3,9,No_Sex,3,2,27.3249,1.6659,28.8894,25.7604,1.8794,1.4524
77,2,25,3,8,4,26,34,3.863636364,3,10,Sex,1,4,27.3249,1.6659,28.8894,25.7604,1.8794,1.4524
78,2,19,1,3,2,20,36,2.667832168,8,1,Sex,5,4,32.743,2.1983,39.2338,26.2522,2.5648,1.8318
78,2,19,1,3,2,20,36,2.667832168,8,2,Sex,1,3,32.743,2.1983,39.2338,26.2522,2.5648,1.8318
78,2,19,1,3,2,20,36,2.667832168,8,3,No_Sex,1,4,32.743,2.1983,39.2338,26.2522,2.5648,1.8318
78,2,19,1,3,2,20,36,2.667832168,8,4,Sex,1,4,32.743,2.1983,39.2338,26.2522,2.5648,1.8318
78,2,19,1,3,2,20,36,2.667832168,8,5,No_Sex,2,2,32.743,2.1983,39.2338,26.2522,2.5648,1.8318
78,2,19,1,3,2,20,36,2.667832168,8,6,No_Sex,4,4,32.743,2.1983,39.2338,26.2522,2.5648,1.8318
78,2,19,1,3,2,20,36,2.667832168,8,7,Sex,1,4,32.743,2.1983,39.2338,26.2522,2.5648,1.8318
78,2,19,1,3,2,20,36,2.667832168,8,8,No_Sex,1,4,32.743,2.1983,39.2338,26.2522,2.5648,1.8318
78,2,19,1,3,2,20,36,2.667832168,8,9,No_Sex,3,4,32.743,2.1983,39.2338,26.2522,2.5648,1.8318
78,2,19,1,3,2,20,36,2.667832168,8,10,Sex,1,3,32.743,2.1983,39.2338,26.2522,2.5648,1.8318
79,1,21,1,3,4,24,35,3.548951049,9,1,Sex,4,3,38.6075,0.9946,41.1838,36.0312,1.33,0.6592
79,1,21,1,3,4,24,35,3.548951049,9,2,Sex,1,2,38.6075,0.9946,41.1838,36.0312,1.33,0.6592
79,1,21,1,3,4,24,35,3.548951049,9,3,No_Sex,1,4,38.6075,0.9946,41.1838,36.0312,1.33,0.6592
79,1,21,1,3,4,24,35,3.548951049,9,4,Sex,1,3,38.6075,0.9946,41.1838,36.0312,1.33,0.6592
79,1,21,1,3,4,24,35,3.548951049,9,5,No_Sex,2,4,38.6075,0.9946,41.1838,36.0312,1.33,0.6592
79,1,21,1,3,4,24,35,3.548951049,9,6,No_Sex,3,4,38.6075,0.9946,41.1838,36.0312,1.33,0.6592
79,1,21,1,3,4,24,35,3.548951049,9,7,Sex,1,2,38.6075,0.9946,41.1838,36.0312,1.33,0.6592
79,1,21,1,3,4,24,35,3.548951049,9,8,No_Sex,1,4,38.6075,0.9946,41.1838,36.0312,1.33,0.6592
79,1,21,1,3,4,24,35,3.548951049,9,9,No_Sex,3,3,38.6075,0.9946,41.1838,36.0312,1.33,0.6592
79,1,21,1,3,4,24,35,3.548951049,9,10,Sex,1,3,38.6075,0.9946,41.1838,36.0312,1.33,0.6592
80,2,26,1,3,4,54,38,3.559440559,8,1,Sex,5,3,21.6245,2.6069,22.8872,20.3618,3.1334,2.0804
80,2,26,1,3,4,54,38,3.559440559,8,2,Sex,2,3,21.6245,2.6069,22.8872,20.3618,3.1334,2.0804
80,2,26,1,3,4,54,38,3.559440559,8,3,No_Sex,1,4,21.6245,2.6069,22.8872,20.3618,3.1334,2.0804
80,2,26,1,3,4,54,38,3.559440559,8,4,Sex,1,3,21.6245,2.6069,22.8872,20.3618,3.1334,2.0804
80,2,26,1,3,4,54,38,3.559440559,8,5,No_Sex,2,4,21.6245,2.6069,22.8872,20.3618,3.1334,2.0804
80,2,26,1,3,4,54,38,3.559440559,8,6,No_Sex,3,3,21.6245,2.6069,22.8872,20.3618,3.1334,2.0804
80,2,26,1,3,4,54,38,3.559440559,8,7,Sex,1,3,21.6245,2.6069,22.8872,20.3618,3.1334,2.0804
80,2,26,1,3,4,54,38,3.559440559,8,8,No_Sex,1,4,21.6245,2.6069,22.8872,20.3618,3.1334,2.0804
80,2,26,1,3,4,54,38,3.559440559,8,9,No_Sex,4,4,21.6245,2.6069,22.8872,20.3618,3.1334,2.0804
80,2,26,1,3,4,54,38,3.559440559,8,10,Sex,2,5,21.6245,2.6069,22.8872,20.3618,3.1334,2.0804
81,1,53,1,3,2,18,33,2.111888112,8,1,Sex,3,3,37.7318,1.8212,37.2286,38.235,1.6122,2.0302
81,1,53,1,3,2,18,33,2.111888112,8,2,Sex,2,3,37.7318,1.8212,37.2286,38.235,1.6122,2.0302
81,1,53,1,3,2,18,33,2.111888112,8,3,No_Sex,1,3,37.7318,1.8212,37.2286,38.235,1.6122,2.0302
81,1,53,1,3,2,18,33,2.111888112,8,4,Sex,1,3,37.7318,1.8212,37.2286,38.235,1.6122,2.0302
81,1,53,1,3,2,18,33,2.111888112,8,5,No_Sex,1,3,37.7318,1.8212,37.2286,38.235,1.6122,2.0302
81,1,53,1,3,2,18,33,2.111888112,8,6,No_Sex,4,3,37.7318,1.8212,37.2286,38.235,1.6122,2.0302
81,1,53,1,3,2,18,33,2.111888112,8,7,Sex,1,3,37.7318,1.8212,37.2286,38.235,1.6122,2.0302
81,1,53,1,3,2,18,33,2.111888112,8,8,No_Sex,1,4,37.7318,1.8212,37.2286,38.235,1.6122,2.0302
81,1,53,1,3,2,18,33,2.111888112,8,9,No_Sex,1,2,37.7318,1.8212,37.2286,38.235,1.6122,2.0302
81,1,53,1,3,2,18,33,2.111888112,8,10,Sex,1,3,37.7318,1.8212,37.2286,38.235,1.6122,2.0302
82,1,32,1,3,5,44,30,2.437062937,3,1,Sex,2,5,35.9317,3.8998,34.3706,37.4928,4.699,3.1006
82,1,32,1,3,5,44,30,2.437062937,3,2,Sex,1,3,35.9317,3.8998,34.3706,37.4928,4.699,3.1006
82,1,32,1,3,5,44,30,2.437062937,3,3,No_Sex,1,3,35.9317,3.8998,34.3706,37.4928,4.699,3.1006
82,1,32,1,3,5,44,30,2.437062937,3,4,Sex,1,4,35.9317,3.8998,34.3706,37.4928,4.699,3.1006
82,1,32,1,3,5,44,30,2.437062937,3,5,No_Sex,1,3,35.9317,3.8998,34.3706,37.4928,4.699,3.1006
82,1,32,1,3,5,44,30,2.437062937,3,6,No_Sex,4,3,35.9317,3.8998,34.3706,37.4928,4.699,3.1006
82,1,32,1,3,5,44,30,2.437062937,3,7,Sex,1,4,35.9317,3.8998,34.3706,37.4928,4.699,3.1006
82,1,32,1,3,5,44,30,2.437062937,3,8,No_Sex,3,4,35.9317,3.8998,34.3706,37.4928,4.699,3.1006
82,1,32,1,3,5,44,30,2.437062937,3,9,No_Sex,3,3,35.9317,3.8998,34.3706,37.4928,4.699,3.1006
82,1,32,1,3,5,44,30,2.437062937,3,10,Sex,1,3,35.9317,3.8998,34.3706,37.4928,4.699,3.1006
,,,,,,,,,,,,,,19.1515,2.4476,19.5944,18.7086,2.7726,2.1226
,,,,,,,,,,,,,,19.1515,2.4476,19.5944,18.7086,2.7726,2.1226
,,,,,,,,,,,,,,19.1515,2.4476,19.5944,18.7086,2.7726,2.1226
,,,,,,,,,,,,,,19.1515,2.4476,19.5944,18.7086,2.7726,2.1226
,,,,,,,,,,,,,,19.1515,2.4476,19.5944,18.7086,2.7726,2.1226
,,,,,,,,,,,,,,19.1515,2.4476,19.5944,18.7086,2.7726,2.1226
,,,,,,,,,,,,,,19.1515,2.4476,19.5944,18.7086,2.7726,2.1226
,,,,,,,,,,,,,,19.1515,2.4476,19.5944,18.7086,2.7726,2.1226
,,,,,,,,,,,,,,19.1515,2.4476,19.5944,18.7086,2.7726,2.1226
,,,,,,,,,,,,,,19.1515,2.4476,19.5944,18.7086,2.7726,2.1226
,,,,,,,,,,,,,,17.8253,1.676,19.2178,16.4328,1.6192,1.7328
,,,,,,,,,,,,,,17.8253,1.676,19.2178,16.4328,1.6192,1.7328
,,,,,,,,,,,,,,17.8253,1.676,19.2178,16.4328,1.6192,1.7328
,,,,,,,,,,,,,,17.8253,1.676,19.2178,16.4328,1.6192,1.7328
,,,,,,,,,,,,,,17.8253,1.676,19.2178,16.4328,1.6192,1.7328
,,,,,,,,,,,,,,17.8253,1.676,19.2178,16.4328,1.6192,1.7328
,,,,,,,,,,,,,,17.8253,1.676,19.2178,16.4328,1.6192,1.7328
,,,,,,,,,,,,,,17.8253,1.676,19.2178,16.4328,1.6192,1.7328
,,,,,,,,,,,,,,17.8253,1.676,19.2178,16.4328,1.6192,1.7328
,,,,,,,,,,,,,,17.8253,1.676,19.2178,16.4328,1.6192,1.7328
,,,,,,,,,,,,,,51.0685,1.8397,76.4922,25.6448,1.9234,1.756
,,,,,,,,,,,,,,51.0685,1.8397,76.4922,25.6448,1.9234,1.756
,,,,,,,,,,,,,,51.0685,1.8397,76.4922,25.6448,1.9234,1.756
,,,,,,,,,,,,,,51.0685,1.8397,76.4922,25.6448,1.9234,1.756
,,,,,,,,,,,,,,51.0685,1.8397,76.4922,25.6448,1.9234,1.756
,,,,,,,,,,,,,,51.0685,1.8397,76.4922,25.6448,1.9234,1.756
,,,,,,,,,,,,,,51.0685,1.8397,76.4922,25.6448,1.9234,1.756
,,,,,,,,,,,,,,51.0685,1.8397,76.4922,25.6448,1.9234,1.756
,,,,,,,,,,,,,,51.0685,1.8397,76.4922,25.6448,1.9234,1.756
,,,,,,,,,,,,,,51.0685,1.8397,76.4922,25.6448,1.9234,1.756
,,,,,,,,,,,,,,8.4127,1.0885,10.2166,6.6088,1.3438,0.8332
,,,,,,,,,,,,,,8.4127,1.0885,10.2166,6.6088,1.3438,0.8332
,,,,,,,,,,,,,,8.4127,1.0885,10.2166,6.6088,1.3438,0.8332
,,,,,,,,,,,,,,8.4127,1.0885,10.2166,6.6088,1.3438,0.8332
,,,,,,,,,,,,,,8.4127,1.0885,10.2166,6.6088,1.3438,0.8332
,,,,,,,,,,,,,,8.4127,1.0885,10.2166,6.6088,1.3438,0.8332
,,,,,,,,,,,,,,8.4127,1.0885,10.2166,6.6088,1.3438,0.8332
,,,,,,,,,,,,,,8.4127,1.0885,10.2166,6.6088,1.3438,0.8332
,,,,,,,,,,,,,,8.4127,1.0885,10.2166,6.6088,1.3438,0.8332
,,,,,,,,,,,,,,8.4127,1.0885,10.2166,6.6088,1.3438,0.8332
,,,,,,,,,,,,,,17.9892,1.3663,27.176,8.8024,1.7066,1.026
,,,,,,,,,,,,,,17.9892,1.3663,27.176,8.8024,1.7066,1.026
,,,,,,,,,,,,,,17.9892,1.3663,27.176,8.8024,1.7066,1.026
,,,,,,,,,,,,,,17.9892,1.3663,27.176,8.8024,1.7066,1.026
,,,,,,,,,,,,,,17.9892,1.3663,27.176,8.8024,1.7066,1.026
,,,,,,,,,,,,,,17.9892,1.3663,27.176,8.8024,1.7066,1.026
,,,,,,,,,,,,,,17.9892,1.3663,27.176,8.8024,1.7066,1.026
,,,,,,,,,,,,,,17.9892,1.3663,27.176,8.8024,1.7066,1.026
,,,,,,,,,,,,,,17.9892,1.3663,27.176,8.8024,1.7066,1.026
,,,,,,,,,,,,,,17.9892,1.3663,27.176,8.8024,1.7066,1.026
,,,,,,,,,,,,,,36.3625,1.6686,34.553,38.172,1.8806,1.4566
,,,,,,,,,,,,,,36.3625,1.6686,34.553,38.172,1.8806,1.4566
,,,,,,,,,,,,,,36.3625,1.6686,34.553,38.172,1.8806,1.4566
,,,,,,,,,,,,,,36.3625,1.6686,34.553,38.172,1.8806,1.4566
,,,,,,,,,,,,,,36.3625,1.6686,34.553,38.172,1.8806,1.4566
,,,,,,,,,,,,,,36.3625,1.6686,34.553,38.172,1.8806,1.4566
,,,,,,,,,,,,,,36.3625,1.6686,34.553,38.172,1.8806,1.4566
,,,,,,,,,,,,,,36.3625,1.6686,34.553,38.172,1.8806,1.4566
,,,,,,,,,,,,,,36.3625,1.6686,34.553,38.172,1.8806,1.4566
,,,,,,,,,,,,,,36.3625,1.6686,34.553,38.172,1.8806,1.4566
,,,,,,,,,,,,,,21.9556,2.9405,19.8058,24.1054,2.9346,2.9464
,,,,,,,,,,,,,,21.9556,2.9405,19.8058,24.1054,2.9346,2.9464
,,,,,,,,,,,,,,21.9556,2.9405,19.8058,24.1054,2.9346,2.9464
,,,,,,,,,,,,,,21.9556,2.9405,19.8058,24.1054,2.9346,2.9464
,,,,,,,,,,,,,,21.9556,2.9405,19.8058,24.1054,2.9346,2.9464
,,,,,,,,,,,,,,21.9556,2.9405,19.8058,24.1054,2.9346,2.9464
,,,,,,,,,,,,,,21.9556,2.9405,19.8058,24.1054,2.9346,2.9464
,,,,,,,,,,,,,,21.9556,2.9405,19.8058,24.1054,2.9346,2.9464
,,,,,,,,,,,,,,21.9556,2.9405,19.8058,24.1054,2.9346,2.9464
,,,,,,,,,,,,,,21.9556,2.9405,19.8058,24.1054,2.9346,2.9464
,,,,,,,,,,,,,,10.8196,1.2389,9.873,11.7662,1.5334,0.9444
,,,,,,,,,,,,,,10.8196,1.2389,9.873,11.7662,1.5334,0.9444
,,,,,,,,,,,,,,10.8196,1.2389,9.873,11.7662,1.5334,0.9444
,,,,,,,,,,,,,,10.8196,1.2389,9.873,11.7662,1.5334,0.9444
,,,,,,,,,,,,,,10.8196,1.2389,9.873,11.7662,1.5334,0.9444
,,,,,,,,,,,,,,10.8196,1.2389,9.873,11.7662,1.5334,0.9444
,,,,,,,,,,,,,,10.8196,1.2389,9.873,11.7662,1.5334,0.9444
,,,,,,,,,,,,,,10.8196,1.2389,9.873,11.7662,1.5334,0.9444
,,,,,,,,,,,,,,10.8196,1.2389,9.873,11.7662,1.5334,0.9444
,,,,,,,,,,,,,,10.8196,1.2389,9.873,11.7662,1.5334,0.9444
,,,,,,,,,,,,,,22.5564,4.199,24.7298,20.383,6.8394,1.5586
,,,,,,,,,,,,,,22.5564,4.199,24.7298,20.383,6.8394,1.5586
,,,,,,,,,,,,,,22.5564,4.199,24.7298,20.383,6.8394,1.5586
,,,,,,,,,,,,,,22.5564,4.199,24.7298,20.383,6.8394,1.5586
,,,,,,,,,,,,,,22.5564,4.199,24.7298,20.383,6.8394,1.5586
,,,,,,,,,,,,,,22.5564,4.199,24.7298,20.383,6.8394,1.5586
,,,,,,,,,,,,,,22.5564,4.199,24.7298,20.383,6.8394,1.5586
,,,,,,,,,,,,,,22.5564,4.199,24.7298,20.383,6.8394,1.5586
,,,,,,,,,,,,,,22.5564,4.199,24.7298,20.383,6.8394,1.5586
,,,,,,,,,,,,,,22.5564,4.199,24.7298,20.383,6.8394,1.5586
,,,,,,,,,,,,,,39.3665,3.5793,40.5988,38.1342,3.42,3.7386
,,,,,,,,,,,,,,39.3665,3.5793,40.5988,38.1342,3.42,3.7386
,,,,,,,,,,,,,,39.3665,3.5793,40.5988,38.1342,3.42,3.7386
,,,,,,,,,,,,,,39.3665,3.5793,40.5988,38.1342,3.42,3.7386
,,,,,,,,,,,,,,39.3665,3.5793,40.5988,38.1342,3.42,3.7386
,,,,,,,,,,,,,,39.3665,3.5793,40.5988,38.1342,3.42,3.7386
,,,,,,,,,,,,,,39.3665,3.5793,40.5988,38.1342,3.42,3.7386
,,,,,,,,,,,,,,39.3665,3.5793,40.5988,38.1342,3.42,3.7386
,,,,,,,,,,,,,,39.3665,3.5793,40.5988,38.1342,3.42,3.7386
,,,,,,,,,,,,,,39.3665,3.5793,40.5988,38.1342,3.42,3.7386